Gender,GPA,MathGrade,Age,Pets,Divorce,SRelHS,SmallTown,WLU1st,WLU1st_4_TEXT,Exercise,Ethnicity,Ethnicity_14_TEXT,Multilingual,Religious,Vape,Sleep,Twitter,TikTok,Instagram,Facebook,YouTube,Television,Magazines,Radio,FClose_1,FFar_1,PRO_1,PRO_2,PRO_3,PRO_4,PRO_5,ECR_1,ECR_2,ECR_3,ECR_4,ECR_5,ECR_6,ECR_7,ECR_8,ECR_9,ECR_10,ECR_13,ECR_11,ECR_12,RBS_1,RBS_2,RBS_3,RBS_4,RBS_5,RBS_6,RBS_7,RBS_8,RBS_9,RBS_10,RBS_11,RBS_12,RBS_13,RBS_14,RBS_15,PT_1,PT_2,PT_3,PT_4,PT_9,PT_12,PT_13,PT_20,PT_21,PT_22,PA_8,PA_10,PA_11,PA_17,PA_18,PA_23,FT5_1,FT6_1,FT12_1,FT13_1,FT14_1,FT15_1,FT19_1,FT20_1,FT21_1,FA4_1,FA9_1,FA10_1,FA11_1,FA18_1,FA22_1,FA23_1,BF_1,BF_2,BF_3,BF_4,BF_5,BF_6,BF_7,BF_8,BF_9,BF_10,BF_11,BF_12,BF_13,BF_14,BF_15,BF_16,BF_17,BF_18,BF_19,BF_20,BF_21,BF_22,BF_23,BF_24,BF_25,BF_26,BF_27,BF_28,BF_29,BF_30,BF_31,BF_32,BF_33,BF_34,BF_35,BF_36,BF_37,BF_38,BF_39,BF_40,BF_41,BF_42,BF_43,BF_44,RSE_1,RSE_2,RSE_3,RSE_4,RSE_5,RSE_6,RSE_7,RSE_8,RSE_9,RSE_10,MA_1,MA_2,MA_3,MA_4,MA_5,MA_6,MA_7,MA_8,MA_9,SPIN_1,SPIN_2,SPIN_3,PANASX_1,PANASX_2,PANASX_3,PANASX_4,PANASX_5,PANASX_6,PANASX_7,PANASX_8,PANASX_9,PANASX_10,PANASX_11,PANASX_12,PANASX_13,PANASX_14,PANASX_15,PANASX_16,PANASX_17,PANASX_18,PANASX_19,PANASX_20,SOC_1,SOC_2,SOC_3,SOC5_1,SOC6_1,SOC7_1,SOC10_1,SOC11_1,AC_1,PL_1,PR_1,AR_1,HC_1,RC_1,EC_1,IC_1,SD_1,DC_1,VC_1,SU_1,BD_1,SB_1,AC_2,PL_2,PR_2,AR_2,HC_2,RC_2,ES_2,IS_2,SD_2,DC_2,VC_2,SU_2,BD_2,SB_2,ID_1,ID_2,ID_3,ID_4,ID_5,ID_6,ID_7,ID_8,ID_9,ID_10,ID_11,ID_12,LS_1,LS_2,LS_3,LS_4,LS_5,WB_1,WB_2,WB_3,WB_4,WB_5,WB_6,WB_7,WB_8,WB_9,WB_10,WB_11,WB_12,WB_13,WB_19,WB_14,WB_15,WB_16,WB_17,WB_18,SPSS_1,SPSS_2,SPSS_3,SPSS_4,SPSS_5,SPSS_6,SPSS_7,SPSS_8,SPSS_9,SPSS_10,SPSS_11,SPSS_12,SPSS_13,SPSS_14,SPSS_15,SPSS_16,SPSS_17,SPSS_18,SPSS_19,SPSS_20,SPSS_21,SPSS_22,SPSS_23,MEM_1,MEM_2,MEM_3,MEM_4,PA_1,PA_2,PA_3,PA_4,PA_5,PA_6,PA_7,SC_1,SC_2,SC_3,SC_4,SC_5,SC_6,SC_7,SC_8,SC_9,SC_10,SC_11,SC_12,BFI_1,BFI_2,BFI_3,BFI_4,BFI_5,BFI_6,BFI_7,BFI_8,BFI_9,BFI_10,BFI_11,BFI_12,BFI_13,BFI_14,BFI_15,BFI_16,BFI_17,BFI_18,BFI_19,BFI_20,BFI_21,BFI_22,BFI_23,BFI_24,BFI_25,BFI_26,BFI_27,BFI_28,VH_1,VH_2,VH_3,VH_4,VH_5,VH_6,VH_7,VH_8,SWLS_1,SWLS_2,SWLS_3,SWLS_4,SWLS_5,Condition
Male,11,70,23,1,2,1,2,4,Originally none - transferred two years later from another university,4,4,,2,0,2,1,0,0,3,1,4,0,0,1,5,,4,3,2,4,3,3,4,1,0,3,1,2,1,3,2,4,0,3,1,4,0,3,3,2,3,1,2,3,3,1,2,2,3,3,3,1,3,2,2,2,2,2,3,3,1,3,1,3,2,1,2,2,3,3,2,1,2,2,4,1,3,2,1,3,1,2,2,3,2,3,2,3,2,1,3,2,2,4,4,4,1,3,1,3,2,1,2,3,2,4,3,3,2,3,2,1,3,2,2,4,2,4,4,4,3,2,2,4,2,3,3,1,3,1,2,3,3,2,2,1,4,1,3,2,1,1,4,2,4,4,4,1,3,4,2,3,4,2,2,3,0,3,1,4,1,4,4,2,1,3,4,3,1,2,2,4,2,1,0,2,2,1,3,0,0,3,3,1,2,4,1,2,4,2,2,1,3,0,0,4,3,4,1,4,1,2,4,2,3,2,3,2,3,2,4,2,3,1,2,2,1,3,4,4,2,3,1,3,1,2,2,3,2,1,3,3,1,0,2,4,0,1,2,0,0,3,0,0,0,0,2,1,0,3,1,0,0,0,0,0,0,0,0,0,1,2,2,3,1,2,2,180,0,0,7,90,1920,4,5,5,3,2,3,1,4,1,2,5,2,4,6,5,2,4,6,4,7,5,2,7,4,4,5,3,3,7,3,6,4,6,2,5,5,4,4,6,5,5,6,6,6,6,5,4,5,3,6,5,6,2,1
Female,10.05,80,20,2,2,2,1,2,,2,4,,2,3,1,2,0,4,4,1,3,3,0,0,,65,2,1,3,1,1,3,1,1,2,3,3,3,3,3,3,4,2,4,3,2,1,2,1,2,1,2,2,2,2,1,1,2,2,3,3,0,3,2,2,2,3,3,3,3,3,4,1,1,2,2,3,3,3,3,3,3,3,3,2,3,2,2,1,3,2,3,3,3,3,1,2,3,1,0,2,1,0,3,2,2,2,2,3,2,2,2,2,3,2,2,3,2,3,2,3,2,2,2,2,2,1,2,1,2,2,2,2,2,2,2,2,2,2,3,1,0,4,4,4,3,3,3,4,4,3,2,4,4,3,3,3,3,2,4,2,2,3,2,3,1,1,2,3,2,3,1,2,0,0,4,4,2,2,1,1,3,3,3,2,3,2,2,1,2,1,2,2,2,1,2,2,1,3,3,2,2,2,1,2,2,1,2,2,2,2,1,2,3,2,3,2,2,2,2,2,2,2,2,2,2,2,1,2,2,1,1,2,1,2,1,2,1,3,2,1,1,2,0,2,2,1,2,2,3,4,1,1,2,4,4,4,4,2,2,3,3,2,2,2,2,1,2,1,1,2,1,2,2,1,2,0,0,0,0,7,1-2 hours,maybe 300,4,4,4,2,4,3,4,3,3,3,2,3,2,6,4,3,6,5,3,5,2,1,5,4,5,3,5,5,4,4,4,4,4,4,4,4,4,5,3,4,5,3,4,3,3,4,4,4,3,3,2,2,4,2
Woman,11.6,96,20,2,2,2,2,1,,4,13,,1,3,2,2,0,1,2,0,2,1,1,0,,,1,2,3,1,0,3,3,1,1,3,3,1,0,3,2,4,2,4,4,0,3,3,2,2,3,3,3,3,3,3,3,4,3,3,3,0,3,1,2,3,3,3,4,1,1,3,1,0,2,1,2,3,3,3,3,3,3,3,1,3,3,1,0,3,2,3,1,4,2,3,3,3,1,1,3,2,0,3,1,2,3,1,3,2,3,1,3,2,3,3,3,3,3,3,3,1,2,1,1,2,3,1,1,3,3,3,2,3,3,3,3,2,2,2,2,2,3,2,2,1,4,2,4,4,4,4,4,4,2,2,2,2,2,2,3,3,3,3,1,4,1,3,0,3,1,3,3,3,3,1,1,2,1,3,3,3,1,2,4,3,3,3,1,2,2,3,3,3,3,3,0,1,1,3,3,3,3,3,3,3,3,3,3,1,0,2,2,3,3,2,4,1,2,2,4,4,3,2,2,1,2,2,1,1,1,1,1,3,0,3,3,3,1,2,3,3,1,0,2,3,0,0,3,2,0,1,3,2,3,2,1,1,1,0,2,2,2,2,0,0,0,0,0,0,0,0,2,3,3,3,4,120,2,180,7,360,360,4,4,4,4,4,4,4,4,4,4,4,2,5,6,3,2,2,5,2,3,6,5,5,4,3,4,4,3,4,2,5,4,5,5,3,5,2,3,5,5,3,5,5,2,5,5,5,5,2,2,2,2,5,3
female,11.83,94,20,2,2,1,2,1,,2,12,,1,3,2,2,0,3,2,0,1,2,0,1,,,0,0,1,0,0,3,1,0,0,3,0,0,3,3,2,4,0,1,4,2,4,4,3,2,1,1,4,3,4,1,3,3,4,4,4,0,4,1,4,3,4,4,4,1,2,1,1,0,2,0,3,4,4,4,4,4,4,4,0,1,3,0,1,4,0,2,2,3,0,3,1,3,0,3,2,2,0,3,1,2,3,0,3,2,1,0,3,1,3,1,3,3,1,3,2,0,3,2,0,0,3,1,3,1,3,1,3,1,3,3,3,0,3,0,3,3,1,1,0,1,1,1,1,0,0,0,1,1,1,1,2,1,0,1,2,3,0,3,1,3,0,3,0,2,0,3,3,3,3,0,1,3,2,1,3,1,2,2,1,3,3,3,3,3,4,3,3,3,3,3,0,2,1,3,1,3,2,3,4,3,3,2,2,2,0,2,2,1,1,2,3,3,3,3,3,3,1,0,0,2,4,3,2,3,3,2,0,2,1,2,2,2,1,0,3,3,0,0,2,3,1,2,3,0,0,1,0,0,1,0,0,1,0,0,0,0,0,0,0,0,0,0,0,0,1,0,3,3,3,3,1,30 minutes,2,30,7,35,6/7 hours,2,4,4,5,5,4,5,2,4,4,2,4,5,6,2,6,1,6,3,3,6,5,2,6,2,5,5,2,3,3,3,5,6,2,4,3,2,2,3,5,4,3,4,4,5,4,5,5,5,6,6,7,6,3
male,6,90,20,2,2,2,2,2,,4,12,,1,0,1,1,0,1,3,1,1,0,0,0,,100,2,2,3,2,3,2,2,1,0,2,1,0,1,3,1,4,1,2,1,2,0,2,3,1,0,0,1,2,2,1,3,1,3,2,2,2,2,4,1,1,1,1,2,3,3,1,2,1,2,1,4,4,4,4,3,3,3,3,1,3,1,0,0,4,0,2,1,3,1,2,2,4,2,4,4,2,1,3,2,2,2,2,2,2,2,2,2,2,2,2,2,2,2,2,2,1,3,4,2,2,3,3,3,3,3,1,3,3,3,3,3,2,2,2,3,2,3,2,1,1,2,1,3,1,1,0,2,0,2,1,2,0,0,2,2,3,1,3,1,2,1,3,0,3,0,3,3,3,3,0,0,3,0,3,3,2,3,2,0,3,3,3,3,3,1,3,3,1,2,1,1,1,2,3,3,3,3,3,1,3,3,3,1,2,1,1,2,2,2,1,2,1,2,2,3,2,1,1,0,3,3,3,3,3,3,2,2,3,1,2,3,3,3,1,3,2,1,0,1,3,0,0,3,0,0,1,0,0,0,0,0,0,0,0,0,0,0,0,0,0,0,0,0,0,0,0,3,2,2,3,5,60,2,45,7,30,2520,3,4,3,3,2,2,2,3,3,2,4,2,4,6,4,4,2,6,3,4,6,5,3,3,2,4,5,2,5,5,5,3,5,3,2,2,2,6,2,3,2,2,2,2,3,2,2,2,5,4,4,5,7,2
female,7,80,21,1,2,2,1,1,,4,4,,2,1,2,2,0,4,4,2,3,2,0,1,,4,1,2,2,1,1,1,2,0,0,2,0,0,1,1,1,4,1,1,2,1,0,1,2,1,2,1,2,1,2,0,2,1,2,3,3,0,3,1,3,3,3,2,4,0,1,1,1,1,1,2,2,2,2,3,3,1,2,1,2,1,3,1,2,2,1,2,1,3,1,1,3,2,1,1,2,2,0,3,1,1,2,0,1,1,1,0,2,2,3,3,3,3,2,3,2,0,3,2,0,3,1,3,3,3,2,2,3,1,0,2,2,1,2,2,1,1,3,2,1,0,2,0,2,1,0,0,1,0,2,3,3,3,3,3,2,4,3,2,3,1,1,1,0,1,0,1,2,1,1,3,2,2,2,2,3,3,2,2,1,3,3,3,2,2,1,4,4,1,1,2,0,2,3,3,3,3,3,3,2,3,3,4,1,2,0,2,1,2,2,1,2,1,2,1,1,1,2,2,2,2,1,2,3,2,3,2,1,2,1,2,1,2,1,2,2,1,1,0,3,3,1,1,2,0,0,1,0,1,1,0,1,1,0,1,1,0,0,0,0,0,0,0,0,0,1,0,2,3,1,3,3,30,1,20,7,40,600,4,4,4,3,4,3,3,4,3,3,4,3,3,6,2,3,2,5,2,5,2,2,4,3,3,2,3,3,5,2,3,3,4,4,5,3,4,3,4,3,3,3,4,3,5,3,4,3,4,5,4,4,3,2
female,9.2,89,20,1,2,1,2,1,,5,5,,1,0,2,2,0,4,4,3,4,0,0,0,8,,0,2,4,2,1,4,4,1,0,4,0,2,1,4,1,4,0,4,4,4,2,2,3,3,3,3,4,2,3,1,4,4,4,4,4,0,4,1,2,4,4,4,4,2,1,3,0,0,1,1,3,4,4,4,4,4,4,4,0,2,1,0,0,4,0,1,0,3,0,3,1,4,1,1,3,1,0,3,3,0,0,2,1,1,1,1,2,1,0,2,3,2,1,3,1,1,2,0,0,2,1,4,1,4,2,2,4,4,0,2,2,1,3,1,1,1,3,2,1,0,2,0,2,4,1,3,3,2,0,2,1,1,1,2,1,2,0,0,2,2,0,1,0,1,0,0,0,0,0,0,1,2,0,2,2,3,2,2,1,2,3,2,4,1,0,3,3,0,0,0,0,1,2,0,0,0,3,0,0,3,3,3,0,4,0,0,0,2,1,2,1,1,3,3,3,2,2,3,3,1,0,1,1,1,1,1,0,0,0,3,2,2,0,1,2,2,3,0,1,3,1,1,2,0,0,0,0,1,0,0,2,2,0,4,2,0,0,0,1,0,0,0,0,0,0,1,2,3,3,1,1,60,4,20,4,10,1600,4,4,4,3,5,2,3,3,4,4,3,2,5,5,1,4,6,7,3,5,2,4,5,4,5,5,4,5,6,4,4,4,6,4,5,1,6,2,4,3,5,5,4,3,5,3,3,3,3,4,4,4,2,1
female,9,80,20,2,2,1,1,1,,1,4,,2,2,2,3,0,3,3,0,1,1,0,1,,,2,2,3,1,1,3,3,0,2,3,2,2,0,2,3,3,2,3,3,0,0,0,0,1,1,0,1,0,0,0,0,3,3,4,4,0,4,2,3,3,3,3,4,0,0,2,2,0,0,0,4,4,4,4,4,4,4,4,0,2,0,0,0,4,0,3,0,3,0,2,3,3,0,2,3,2,0,3,3,3,3,2,3,3,1,1,1,2,3,3,4,3,3,4,3,0,3,4,0,3,3,3,3,3,3,1,3,0,2,3,3,0,3,0,3,3,0,0,0,0,1,0,1,3,0,0,4,3,3,3,3,0,0,1,3,3,0,3,0,3,0,3,0,3,0,3,3,3,3,1,1,4,0,4,4,0,2,3,0,4,4,4,4,4,4,4,4,4,4,4,2,4,2,4,4,4,2,4,2,4,4,4,4,4,4,2,2,0,4,0,4,4,4,0,4,4,0,4,4,4,3,4,4,4,4,4,0,0,2,4,4,4,2,0,4,4,0,0,4,4,0,0,4,0,0,0,0,0,1,1,0,1,1,0,0,0,0,0,0,0,0,0,0,0,0,0,4,4,4,4,0,60,3,60,7,120,400,1,3,1,5,5,2,4,4,4,4,2,5,5,5,2,6,6,6,2,6,5,3,6,6,6,3,7,5,7,1,7,5,7,1,6,1,2,6,1,5,5,1,5,4,6,3,3,3,7,7,7,7,7,3
female,8,85,21,1,2,1,1,2,,4,4,,1,0,2,1,0,3,2,0,0,3,0,0,,100,3,4,4,3,3,3,2,3,1,3,1,3,0,2,1,4,3,1,4,1,0,1,3,2,1,2,3,0,4,1,3,2,3,4,4,0,4,1,4,4,4,3,4,0,1,0,0,0,0,1,4,4,3,4,4,4,4,4,0,2,0,0,0,4,1,4,2,3,2,4,1,3,1,2,3,3,0,3,3,3,3,1,2,2,3,1,3,3,4,1,3,4,2,3,4,1,3,3,1,1,3,1,3,1,4,0,3,3,4,3,4,0,4,0,3,4,1,1,1,1,4,1,4,2,0,2,4,2,2,1,0,1,1,2,4,3,1,3,1,3,0,4,0,4,0,4,4,4,4,1,2,3,0,3,2,3,1,0,0,3,3,3,4,4,0,3,3,4,4,1,1,0,1,3,2,2,3,3,0,3,3,3,1,1,1,0,0,3,1,4,2,1,3,4,4,4,0,0,0,2,1,3,3,1,3,3,0,0,2,1,4,4,1,0,3,4,0,0,2,4,0,0,3,2,0,0,4,2,1,2,2,3,2,2,0,4,2,1,4,4,0,1,4,4,2,0,2,0,4,1,4,20,2,60,7,30,240,4,3,2,3,1,3,4,4,2,3,4,2,7,6,5,4,6,6,3,3,6,6,7,6,2,5,5,5,4,2,6,5,4,2,3,2,1,2,2,7,5,1,6,3,5,3,6,4,6,6,5,2,2,2
Female,11.3,84,20,1,2,1,2,2,,1,6,,2,0,2,3,0,4,3,0,1,2,0,1,49,,1,1,1,0,0,4,0,0,0,4,0,0,4,4,2,4,0,1,2,2,4,3,4,3,3,2,4,3,3,1,3,4,3,3,3,0,4,1,4,4,4,3,4,0,1,1,1,0,0,0,3,4,4,4,4,4,4,4,0,2,0,0,0,4,0,2,1,4,0,3,1,3,0,1,2,1,1,3,2,2,2,2,2,1,3,0,3,1,3,2,4,4,2,3,3,0,3,4,1,3,3,2,3,1,2,3,3,2,1,4,3,0,3,0,3,3,1,1,0,0,3,1,3,2,0,0,2,0,2,2,2,1,1,2,2,1,0,2,1,3,0,3,1,3,0,2,2,1,2,1,0,3,0,3,3,2,2,2,0,3,3,3,2,2,0,4,4,2,1,1,1,0,2,3,3,4,2,2,0,4,4,2,0,3,1,0,2,2,3,1,2,2,3,1,3,3,1,1,2,2,3,3,3,3,2,3,0,1,1,1,3,3,2,1,3,3,0,0,3,3,0,0,2,1,0,1,0,0,2,0,0,0,0,1,0,0,0,0,1,0,0,0,0,0,0,0,2,3,1,3,4,30,3,20,7,20,400,2,3,3,4,3,2,4,3,4,4,4,4,5,6,2,4,5,7,2,3,3,7,5,6,5,2,5,2,6,2,7,5,6,1,1,1,1,6,3,5,4,2,3,3,5,1,5,3,5,5,5,5,6,1
Female,6,85,20,2,2,2,1,4,4th,4,12,,1,2,2,2,0,2,1,0,2,1,0,0,,,3,3,2,2,2,3,4,2,1,3,2,2,1,3,3,4,1,4,3,1,3,2,4,1,0,0,3,3,3,1,2,2,3,2,1,2,2,3,1,2,1,1,2,3,3,3,3,3,3,1,3,3,4,4,4,4,4,4,0,3,0,1,0,4,0,2,2,2,1,2,1,1,1,0,3,2,2,2,2,2,3,2,1,2,1,1,2,3,4,2,3,2,1,3,2,1,2,4,2,3,3,2,3,3,3,1,4,3,4,2,3,2,2,1,2,3,3,2,2,1,2,1,3,2,1,1,3,0,3,4,4,1,1,2,3,1,0,3,1,4,1,4,0,3,0,2,3,2,2,3,3,2,1,1,2,2,3,2,0,2,2,3,3,4,1,2,2,2,1,1,0,2,2,2,2,3,2,4,1,2,2,2,1,0,0,1,1,3,3,3,2,2,3,2,4,3,1,2,2,2,1,2,2,3,2,2,2,2,2,2,2,2,2,1,2,2,2,0,2,2,2,2,2,1,0,0,1,1,2,1,0,0,0,0,1,0,0,0,0,0,0,0,0,0,0,0,2,3,1,2,3,90,2,30,5,30,180,3,3,3,3,3,3,3,3,3,3,3,3,4,7,4,3,1,7,4,5,7,4,5,4,3,4,3,2,6,4,5,5,5,1,5,3,2,7,5,5,4,4,4,4,4,4,4,4,4,4,4,5,4,3
Female,10.2,75,20,1,2,1,1,2,,1,4,,2,2,2,2,0,4,3,1,1,2,0,0,21,,3,4,3,3,3,2,2,3,0,2,1,3,1,1,0,4,3,3,2,1,0,0,2,2,0,1,1,0,3,0,0,1,3,3,3,0,4,1,3,2,3,2,3,1,2,3,0,0,2,1,3,3,3,3,2,3,4,3,1,3,0,0,2,3,0,1,3,3,1,0,3,3,1,0,1,1,0,3,3,1,1,2,0,1,0,1,2,3,1,3,3,2,2,3,2,0,3,4,1,4,0,2,3,4,1,3,2,3,0,3,3,2,2,1,2,2,3,2,3,1,3,3,4,4,1,2,4,0,4,3,4,3,2,3,3,2,2,2,3,1,1,1,2,2,1,0,1,2,3,3,3,2,1,3,2,2,3,2,0,3,2,2,3,2,1,1,2,3,2,3,2,2,3,2,3,2,3,1,1,2,1,4,1,0,2,1,2,3,2,1,2,0,2,2,3,3,1,3,2,2,1,2,3,3,3,2,1,2,1,2,3,3,2,1,3,3,1,0,3,3,1,3,3,2,0,0,3,2,1,0,2,3,2,1,3,0,2,2,3,1,2,0,0,1,2,1,3,3,2,3,6,120,7,60,7,60,420,3,4,4,4,4,3,2,4,2,3,4,4,3,5,2,2,7,6,4,5,1,2,6,4,2,5,3,5,6,2,2,3,5,2,6,4,6,6,6,2,4,2,5,3,5,4,5,2,5,4,5,6,3,1
Female ,9,91,20,2,1,1,2,3,,4,3,,1,2,2,1,1,4,3,0,0,0,0,0,,76,0,2,0,0,0,4,1,0,0,3,0,0,1,2,0,4,0,1,4,2,1,0,2,1,0,0,2,0,4,0,4,2,4,1,1,2,1,2,0,0,0,0,2,3,4,3,3,4,4,2,2,4,2,4,3,4,2,3,1,1,2,2,0,3,0,1,1,3,0,2,4,4,0,2,3,2,0,4,2,4,0,2,2,1,0,0,3,2,4,2,4,4,4,4,0,1,3,2,0,4,1,4,4,2,4,2,3,2,2,4,4,2,3,2,3,2,2,2,2,0,4,1,4,2,0,1,4,1,0,4,2,3,3,2,4,2,0,2,0,4,0,1,4,3,3,0,0,1,4,4,0,4,0,2,4,2,2,3,0,2,4,2,1,0,3,4,4,2,0,3,0,0,3,4,3,0,4,0,4,4,4,4,0,2,0,0,4,2,2,0,3,1,4,0,3,3,0,0,2,0,0,2,0,0,3,2,1,1,1,3,4,4,1,2,3,3,1,0,4,4,0,0,1,0,0,0,0,2,1,0,4,0,0,0,1,2,0,0,0,2,0,0,0,2,0,0,2,4,1,3,5,60,0,0,7,90,120,3,4,5,4,1,1,3,1,2,4,4,5,1,7,1,5,4,7,1,7,7,1,1,5,2,1,7,5,7,1,6,4,7,4,5,1,1,2,1,4,5,1,2,5,7,1,5,2,1,1,5,2,1,2
Woman,10,90,20,1,1,2,1,3,,4,2,,2,0,2,2,3,1,1,0,3,0,0,0,,75,1,1,3,1,0,2,2,3,0,3,0,3,2,1,1,4,3,3,4,4,3,3,4,4,2,2,4,1,3,4,2,2,3,3,4,0,3,2,3,3,3,4,4,2,2,3,1,1,2,0,2,2,3,4,4,4,3,3,2,4,3,2,1,3,0,1,2,4,2,2,4,3,0,0,4,1,0,3,0,4,1,2,3,3,0,2,3,2,4,4,4,4,1,4,4,1,1,3,0,4,4,4,1,4,4,4,2,3,4,2,3,2,3,2,2,2,3,3,2,0,4,1,4,3,0,0,3,1,4,4,4,1,0,4,2,3,4,4,3,2,0,1,2,1,1,0,1,1,1,0,1,2,3,4,2,3,4,2,0,3,4,4,3,0,0,2,3,0,4,2,0,1,3,3,3,4,3,0,0,2,2,4,3,3,0,2,4,4,1,3,2,2,1,4,2,2,4,4,4,1,0,1,2,2,1,1,3,4,4,3,2,2,0,3,4,3,3,0,2,3,1,2,1,3,3,1,2,2,1,3,1,1,2,0,2,1,0,0,2,1,0,0,2,1,0,0,3,3,0,3,1,90,2,60,7,40,360,4,5,5,4,2,4,3,5,3,3,4,3,2,7,2,2,2,7,3,6,7,3,5,4,4,2,6,1,7,1,7,2,6,2,4,5,1,5,3,5,5,4,1,3,4,6,5,4,2,4,4,3,2,2
Female,8,75,21,1,1,1,1,1,,4,4,,2,1,1,2,0,0,3,0,1,3,0,1,,,2,1,3,3,2,2,3,1,0,3,1,2,2,3,3,4,1,2,4,3,2,3,3,2,1,1,3,3,4,2,2,3,4,3,2,1,4,3,3,4,3,3,4,1,,,2,1,1,0,3,4,3,4,3,4,3,3,1,3,1,0,1,3,1,4,1,2,2,1,1,3,3,1,3,4,2,3,2,2,4,2,1,1,3,1,2,3,2,1,3,2,1,2,4,1,2,3,3,2,3,0,3,2,1,2,3,4,2,3,3,1,2,2,2,1,1,2,1,2,1,0,3,2,0,1,1,0,2,1,1,2,1,2,0,1,2,1,3,2,1,3,0,3,0,3,2,3,2,1,1,4,0,3,4,3,2,3,0,2,2,2,3,4,2,3,3,1,1,3,2,1,2,3,3,4,3,3,2,3,4,3,1,2,2,1,1,2,2,1,2,1,2,2,3,3,2,0,2,1,2,2,2,3,2,3,0,2,2,3,3,3,1,1,3,2,0,0,2,3,0,0,2,1,0,1,0,2,1,0,1,4,0,1,0,0,0,0,0,0,0,0,1,1,3,0,2,0,4,2,0,0,0,0,3,30,"10,080",3,4,3,5,4,1,4,3,4,3,4,3,7,7,6,3,4,6,1,1,4,3,2,5,7,5,3,2,4,3,6,7,5,1,3,4,4,5,5,4,2,2,3,5,5,2,5,4,4,4,4,5,5,3
Female,7,80,21,1,2,1,2,2,,4,4,,1,2,2,2,0,3,2,0,0,2,0,0,8,,1,1,2,0,0,3,0,0,0,4,1,0,1,4,1,4,0,2,3,2,4,3,1,2,3,3,2,1,2,1,3,3,4,2,2,1,3,2,1,2,2,1,3,1,2,3,1,0,2,0,3,3,4,4,4,3,3,3,2,1,2,0,0,4,0,4,1,4,0,3,4,4,0,3,3,3,1,4,2,3,4,1,3,3,2,0,2,2,2,1,4,3,3,4,4,1,4,4,0,1,2,0,3,2,3,3,4,1,2,3,4,0,2,0,3,4,1,0,0,1,3,2,4,3,2,1,2,2,1,0,0,0,1,1,3,2,0,3,0,4,1,4,0,3,0,2,3,3,4,1,1,4,0,4,2,1,0,1,0,3,4,4,3,2,1,2,2,3,3,3,0,0,1,3,4,4,2,1,0,3,3,4,1,2,0,0,0,0,4,1,4,4,4,0,4,4,0,0,0,3,1,3,3,4,3,4,0,0,1,3,4,4,1,0,3,3,1,0,0,4,0,0,2,1,0,0,0,0,0,0,0,0,0,0,0,0,0,0,2,1,0,0,0,0,0,2,3,4,4,3,0,0,0,0,5,40,30,5,4,4,3,3,1,4,4,5,5,4,2,7,7,1,5,2,7,1,1,2,6,5,7,3,1,5,2,3,2,5,5,7,1,1,1,1,4,2,5,2,1,4,2,6,5,5,4,7,6,6,6,3,1
Female,11.5,92,19,1,1,1,1,1,,4,4,,1,0,2,2,1,4,4,1,0,3,0,3,,,2,1,2,2,1,2,2,1,3,3,2,1,0,2,1,4,1,1,1,3,2,3,1,2,1,3,2,0,1,1,2,3,3,1,3,1,2,3,2,1,2,2,1,1,3,1,2,1,2,1,3,3,3,3,2,1,2,3,2,3,2,0,0,3,3,3,1,4,1,2,0,3,2,1,3,3,1,4,3,2,4,3,3,3,2,3,1,1,3,1,2,3,2,3,2,2,2,3,1,2,2,0,2,1,2,2,1,2,1,4,4,0,3,1,3,4,4,1,2,1,1,2,4,3,2,3,4,2,1,1,2,1,1,1,2,3,3,3,1,4,0,4,1,3,1,3,4,4,4,1,1,3,2,3,2,0,3,2,1,3,2,3,3,4,0,3,3,2,3,3,3,1,3,3,3,2,2,4,0,1,3,3,0,2,2,0,0,2,3,2,3,3,3,0,4,3,1,2,2,3,2,3,2,3,3,3,1,2,1,4,3,3,1,2,2,3,2,0,3,4,1,0,1,2,1,1,1,1,3,3,3,1,1,1,1,2,1,1,3,0,1,0,0,1,1,2,4,3,3,3,2,2 hours,2,1 hour,6,15,Over 200 (classes),3,3,4,3,4,2,3,2,3,4,4,2,6,5,2,3,6,5,5,2,2,7,5,2,4,4,5,4,4,4,6,6,5,2,1,2,2,4,4,5,3,2,2,3,5,3,4,2,6,6,6,6,5,3
Female,7,90,20,1,2,1,1,1,,1,4,,2,2,2,3,0,4,1,0,0,4,0,0,,,2,3,3,2,2,3,3,3,0,3,0,2,2,2,2,4,2,1,4,4,1,1,1,0,0,0,1,0,3,0,2,0,1,3,4,0,3,2,3,2,1,2,3,3,3,4,2,2,4,1,2,4,3,3,3,3,3,3,3,3,4,2,1,3,2,1,2,2,3,1,3,2,2,0,2,1,2,3,3,3,0,3,0,2,0,2,1,3,2,3,1,1,0,4,0,2,3,2,2,4,2,3,2,4,3,2,2,3,1,3,3,3,2,2,1,1,3,2,2,1,4,2,4,4,1,2,4,2,3,4,3,2,2,3,0,1,2,1,3,1,1,1,2,2,3,0,1,0,0,3,3,2,1,3,2,4,0,0,1,2,1,1,2,4,3,2,1,3,0,3,3,1,3,1,0,0,3,3,0,2,2,3,0,1,3,1,3,3,1,2,0,0,0,3,4,0,4,4,2,1,0,1,4,3,2,1,3,4,4,1,3,0,2,3,2,1,1,0,1,2,2,2,2,1,1,0,0,2,2,0,2,3,0,1,0,0,0,0,0,0,0,0,0,0,2,0,1,1,3,0,0,0,0,0,7,50,180,4,5,4,2,2,4,1,2,1,1,4,1,2,4,5,1,4,5,4,5,2,2,5,1,6,5,1,2,7,5,7,1,5,3,6,6,5,3,6,2,2,4,2,5,5,3,3,3,3,7,3,3,1,3
Female,9,75,19,1,2,2,1,2,,4,4,,2,4,2,2,0,3,3,0,0,2,0,4,21,,3,1,3,1,1,3,2,1,2,3,0,1,3,2,2,4,1,3,4,2,1,3,3,2,1,1,1,2,2,2,2,3,3,3,4,0,4,3,3,2,3,2,4,0,1,3,1,0,1,0,3,4,4,4,4,4,4,4,1,2,1,1,1,3,0,2,1,2,1,2,2,4,0,1,3,2,0,3,2,3,2,2,2,2,1,1,3,2,3,2,4,1,2,2,2,0,2,3,0,3,3,1,4,3,2,1,2,3,1,3,3,1,2,1,3,3,3,1,1,1,3,1,4,1,1,2,4,0,3,4,2,2,3,3,3,1,2,3,1,3,0,3,0,3,1,2,2,2,2,1,1,4,1,4,4,2,3,2,0,2,2,2,1,2,2,3,3,3,2,1,0,2,1,1,1,3,3,1,2,3,3,3,0,0,0,0,0,1,0,0,2,2,2,4,4,4,0,1,3,2,2,3,3,1,1,3,0,2,3,2,4,2,2,0,3,2,1,0,3,4,1,1,2,1,0,0,0,2,0,0,2,2,0,2,2,0,0,0,0,0,0,0,0,0,0,0,2,4,0,1,2,60,1,10,7,30,200,3,4,4,3,3,3,3,3,4,4,2,3,5,6,1,4,3,7,1,4,2,1,4,3,2,2,4,2,5,1,7,4,6,1,6,1,2,6,1,4,4,1,2,2,4,1,2,3,4,5,5,2,3,1
female,12,90,32,2,2,1,2,1,,4,6,,1,3,2,2,0,3,4,2,2,0,0,0,74,,1,3,3,1,1,3,4,3,4,4,2,1,3,3,3,4,2,3,2,3,1,1,3,2,2,1,1,1,3,2,1,2,2,3,3,0,3,2,2,2,2,1,3,3,3,3,2,1,1,1,3,3,3,3,3,3,3,3,0,3,1,1,1,3,1,1,3,4,2,0,3,2,1,1,2,1,1,4,4,3,2,3,2,1,1,3,3,4,2,4,3,3,2,3,1,1,4,2,1,4,2,4,2,4,2,1,1,3,1,2,2,2,2,3,1,1,3,3,3,0,4,0,4,3,2,1,4,2,3,4,4,2,2,3,1,3,3,3,3,3,2,1,1,2,1,1,3,0,0,3,3,3,3,2,2,4,3,2,1,3,3,1,2,2,2,2,2,1,1,1,0,1,2,2,2,1,1,1,2,2,1,1,1,2,0,1,1,2,3,2,3,2,1,1,2,1,2,2,3,0,0,1,1,2,2,2,2,2,0,2,2,1,1,1,2,1,1,0,2,2,2,1,1,0,0,3,0,0,0,0,2,1,0,1,0,0,0,0,0,0,0,0,0,0,0,0,3,4,2,3,0,0,0,0,7,15,300,4,5,4,3,3,3,2,4,2,2,4,3,2,6,6,4,3,6,5,6,4,5,4,2,6,4,3,5,7,4,3,3,5,5,5,5,3,4,5,3,4,3,3,4,5,4,4,4,4,4,4,5,3,1
Female,11.05,90,20,1,2,1,1,1,,4,4,,2,4,2,2,0,3,2,0,0,2,0,4,,,3,2,2,1,3,4,1,0,0,4,0,0,4,4,1,4,0,0,1,3,2,4,4,2,0,1,4,2,4,0,3,1,4,3,3,0,3,1,3,3,2,3,4,1,1,1,1,1,1,0,4,4,4,4,3,4,3,4,1,1,1,0,0,3,0,1,1,3,0,2,3,3,1,2,3,2,1,3,2,2,1,2,3,2,1,1,3,2,1,2,3,3,3,2,1,1,3,2,1,2,2,3,3,3,2,2,3,1,1,4,4,0,3,0,3,3,1,1,0,0,1,0,2,1,0,0,2,0,3,3,3,1,1,2,3,3,1,2,1,3,0,2,1,2,0,3,2,2,3,1,1,3,1,2,2,1,1,0,0,3,3,3,2,3,4,4,3,3,1,3,0,2,1,3,2,3,3,2,4,4,3,2,1,2,0,2,0,0,2,1,3,2,3,1,3,4,0,1,0,2,2,3,2,3,3,3,1,0,1,3,3,3,0,0,3,3,2,0,2,3,0,2,3,0,0,0,0,0,1,0,0,0,0,0,0,0,0,0,0,0,0,0,0,0,0,0,2,3,1,3,4,60,3,60,7,45,300,1,2,1,3,3,1,3,2,4,3,1,4,1,6,2,5,4,6,2,6,2,5,3,6,3,3,6,3,4,3,5,3,6,1,2,1,3,6,2,5,1,1,1,1,2,1,1,1,5,5,6,6,3,3
Female,10,80,20,1,2,2,1,2,,1,10,,1,3,2,2,0,1,2,0,1,1,0,0,,89,3,1,3,2,2,2,3,2,1,2,1,1,0,2,1,4,0,3,2,2,1,3,3,2,3,1,3,1,4,2,4,2,3,2,3,0,4,2,3,3,4,3,4,0,1,2,2,2,1,0,4,3,4,4,4,4,4,4,0,2,1,1,2,3,1,3,1,3,0,2,1,3,2,3,3,4,1,3,1,3,3,2,4,2,2,0,2,1,2,1,4,3,4,3,4,1,3,4,3,3,3,1,3,1,3,3,3,3,2,3,3,1,3,1,2,2,2,2,2,0,0,0,2,1,0,0,0,0,2,1,2,1,1,1,3,2,3,3,0,4,0,4,2,4,0,3,3,3,3,1,1,3,1,2,2,2,1,2,0,3,2,3,3,3,2,3,3,2,3,3,0,1,3,3,3,3,3,3,2,3,3,3,1,2,0,1,1,2,2,2,3,2,2,3,3,2,2,1,1,2,1,3,3,2,3,2,1,1,2,2,4,4,2,1,3,2,0,0,2,4,0,0,2,1,0,3,1,1,3,0,0,1,0,0,1,0,0,0,1,0,0,0,0,0,1,1,3,3,3,3,3,40,2,20,7,40,120,3,4,3,4,4,4,2,2,3,4,4,2,6,6,5,6,5,7,2,2,4,5,6,4,3,5,6,2,6,1,6,6,7,1,3,1,2,7,2,5,3,2,3,5,6,5,3,6,4,6,6,4,2,2
female,11,90,20,1,2,1,2,2,,3,6,,1,2,2,3,0,1,3,1,0,4,0,0,10,,1,0,2,1,0,3,2,2,1,3,0,1,1,1,2,4,3,3,1,0,0,0,1,1,1,3,2,0,3,2,2,3,2,3,4,1,3,1,4,3,3,3,4,1,1,2,1,0,1,1,4,4,4,4,3,3,3,4,1,2,2,1,1,3,0,3,3,3,1,1,2,4,1,2,3,3,1,3,2,3,3,1,2,1,3,1,4,2,2,2,4,4,2,4,4,1,4,3,1,2,2,1,3,2,3,2,2,2,2,4,4,0,4,0,4,3,2,0,0,0,0,0,2,0,0,0,1,0,1,0,1,1,1,3,3,2,1,3,1,3,0,3,3,0,0,3,3,3,4,3,2,3,1,3,3,0,2,2,0,3,3,4,3,4,3,4,3,4,3,4,3,1,1,4,4,4,4,3,3,3,3,4,2,3,2,0,0,1,3,1,3,3,3,1,3,3,1,0,0,3,3,3,3,3,2,3,1,1,0,3,4,4,4,0,4,3,1,0,3,4,0,0,2,0,0,2,0,0,0,0,0,0,0,0,0,0,0,0,0,0,0,0,0,0,0,0,3,3,2,3,4,45,4,60,7,120,180,2,3,2,3,5,2,4,4,5,4,2,3,7,7,1,4,4,5,4,2,4,5,3,4,1,1,3,5,5,3,6,6,6,1,3,1,2,6,5,3,5,6,5,7,7,6,6,3,6,6,6,5,6,1
FEMALE,7,50,23,2,2,1,2,2,,5,12,,1,4,2,3,0,0,4,1,2,0,0,0,39,,4,4,4,4,4,4,0,0,0,4,0,0,0,4,0,4,0,0,3,2,2,4,4,0,1,2,1,1,1,0,4,4,4,2,2,0,2,2,1,2,1,0,2,2,2,0,1,0,2,2,3,3,4,4,4,4,4,4,0,1,3,0,0,4,0,2,0,2,0,1,0,4,2,1,2,2,0,2,0,3,1,4,1,1,0,1,2,3,1,3,4,1,1,0,1,1,0,2,1,3,1,4,4,4,1,1,2,4,0,3,3,2,2,3,3,2,3,2,3,3,4,4,4,4,4,2,4,4,3,3,4,3,3,2,3,3,2,2,2,3,1,1,2,2,1,1,1,0,0,1,3,2,1,1,0,3,1,0,1,2,1,2,3,3,4,4,4,1,2,2,0,2,1,1,3,2,2,2,4,2,3,1,1,0,0,1,0,2,3,2,2,1,1,1,2,2,3,1,1,1,2,3,2,3,1,1,2,1,1,2,2,2,3,3,3,2,2,0,2,2,1,2,3,1,0,1,0,3,3,2,3,1,1,4,1,1,1,1,2,2,3,2,2,1,1,1,1,2,0,1,3,2 hours,1 day,20 mins,7 days,20-30 mins,180 minutes,1,2,2,3,3,2,2,2,2,3,2,2,4,6,7,6,6,5,4,6,2,2,6,3,6,7,3,4,6,4,4,2,4,2,4,2,2,4,6,4,4,5,4,3,2,2,1,1,5,5,6,6,6,1
Male,11,85,25,1,2,2,2,1,,2,6,,1,1,2,2,0,0,1,1,2,0,0,0,,,1,0,1,0,1,2,2,1,3,2,0,2,2,3,2,4,1,3,3,4,1,2,2,1,2,1,1,0,2,0,3,2,2,3,3,1,3,1,3,4,3,2,3,2,2,2,1,1,1,1,3,4,4,3,2,3,4,3,1,3,1,0,1,3,1,2,2,4,3,3,3,3,0,1,4,1,0,3,3,3,1,1,1,3,1,0,3,3,4,3,3,2,1,1,1,0,3,2,1,3,3,2,2,3,4,0,3,1,2,3,3,2,3,1,1,1,3,2,2,0,1,1,1,2,0,0,2,0,3,2,3,2,2,3,3,1,2,3,2,3,0,1,2,1,1,2,3,1,1,1,2,1,2,1,1,2,1,1,1,2,3,1,3,4,1,2,3,2,2,1,0,1,3,3,3,2,3,3,0,2,3,1,1,2,0,1,2,1,2,1,3,2,3,2,3,2,1,2,2,1,1,1,1,1,2,1,1,2,0,2,3,2,1,2,4,0,1,0,2,3,1,1,2,0,0,3,0,1,0,0,1,0,0,0,0,0,0,0,0,0,0,0,0,0,0,1,2,2,1,3,3,30,5,15,5,10,600,4,4,5,3,2,4,2,4,2,3,4,2,2,5,2,2,1,7,5,5,7,2,2,3,2,2,3,2,5,1,6,2,6,2,5,5,1,3,5,6,5,5,3,5,4,2,4,4,2,3,2,3,3,3
Female,7,98,20,2,2,2,2,2,,4,12,,1,1,2,3,0,4,2,0,1,4,0,1,,3,3,2,4,3,3,4,3,1,2,4,0,0,1,4,3,4,2,4,4,3,1,0,3,1,0,0,3,0,4,2,1,0,3,2,2,0,2,4,4,4,3,4,4,0,1,1,0,2,0,2,4,4,4,3,3,4,3,4,1,2,3,0,1,4,0,4,3,4,3,1,2,4,2,1,3,2,2,3,3,4,4,2,0,1,3,2,2,4,4,2,4,2,2,0,3,1,1,1,2,4,2,0,4,2,1,0,2,4,2,4,4,1,1,1,3,2,2,0,1,2,4,2,4,3,1,0,4,1,4,4,4,2,2,4,3,2,3,3,3,3,1,2,0,2,0,3,3,3,4,4,4,2,0,1,2,4,3,3,0,4,4,4,3,2,0,4,4,3,2,3,4,3,3,4,3,4,4,2,0,4,4,4,2,4,4,2,3,3,4,2,2,1,4,0,0,4,2,4,2,0,0,0,0,0,3,1,1,4,0,2,4,3,3,1,4,4,1,0,2,4,0,1,4,4,3,0,2,4,3,2,0,4,0,0,3,0,0,0,4,3,1,0,1,1,4,1,2,4,0,2,0,30mins,carrying light loads ,30mins,walking ,120 mins a day ,600 mins ,4,4,5,3,5,4,2,5,1,3,5,4,7,7,6,2,2,7,4,1,7,5,6,4,5,4,1,6,6,4,7,5,7,4,5,5,3,5,6,2,1,1,1,1,5,3,3,3,1,1,2,1,1,2
female ,7,80,20,2,1,1,2,2,,4,4,,2,2,1,2,0,3,2,0,1,2,0,0,,,3,2,3,2,1,2,2,1,1,2,2,1,0,3,1,4,1,3,3,1,0,2,1,0,0,1,2,0,4,2,2,2,2,3,3,0,3,1,3,4,4,3,4,1,1,2,2,1,1,1,3,3,3,4,4,4,4,4,1,2,2,0,1,3,0,3,2,2,2,3,2,4,1,2,3,2,1,4,2,4,3,3,1,3,2,1,2,2,3,3,4,2,3,3,3,1,3,4,3,4,3,3,3,4,2,3,3,4,1,3,3,1,2,1,3,3,2,3,2,1,3,3,4,3,1,2,4,1,4,4,4,2,2,4,2,4,2,2,1,2,0,3,0,3,1,3,4,3,2,1,4,4,1,4,4,1,3,4,0,3,3,4,3,4,2,3,3,3,3,3,0,3,3,3,3,4,2,2,2,3,3,2,1,1,0,0,2,1,3,1,3,2,3,1,3,3,1,3,1,2,3,3,3,3,2,3,1,1,1,2,3,3,2,1,3,2,0,0,1,3,0,0,1,1,0,0,0,1,1,0,0,1,0,0,0,0,0,0,0,0,0,0,0,0,1,0,3,2,3,2,0,0,5,1-2hours,7,1hour,a lot,4,5,5,4,4,1,4,2,4,4,3,4,5,7,5,3,3,7,5,5,5,4,6,5,5,4,4,3,6,3,7,5,6,1,5,5,3,6,3,5,2,3,2,4,6,3,4,3,6,6,6,6,6,3
female,9.5,95,20,1,1,2,1,1,,2,4,,2,2,2,2,0,4,4,0,0,4,0,0,22,,0,3,4,0,0,1,4,0,1,2,0,0,3,3,0,4,1,2,3,1,0,2,1,0,0,0,1,0,1,0,3,1,2,3,3,1,4,2,4,4,3,3,3,0,1,4,0,0,2,0,4,4,4,4,4,4,4,4,1,3,1,0,0,4,1,4,1,3,3,1,0,3,3,0,4,4,0,4,4,3,3,3,1,0,3,0,1,3,1,0,3,3,1,3,3,3,3,3,1,4,4,0,4,4,1,4,4,4,1,3,3,1,3,1,3,3,1,3,3,0,4,0,4,0,0,0,3,0,1,1,1,1,1,1,4,1,3,4,2,4,0,4,1,4,0,2,4,3,1,3,0,4,0,4,3,1,1,3,0,4,3,1,3,4,0,4,4,4,3,4,1,0,4,4,4,0,4,4,0,4,4,4,0,4,0,0,1,4,3,4,4,1,1,3,4,3,4,0,1,2,2,3,4,4,3,3,1,1,0,4,4,4,1,1,3,3,0,0,4,4,1,1,3,2,0,0,0,3,3,4,1,3,0,1,4,2,4,4,2,2,3,0,0,0,4,0,0,0,4,0,2,15,0,0,7,35,600,3,4,4,2,2,4,2,3,2,2,4,2,7,7,1,7,3,7,2,2,6,4,6,4,5,6,2,2,6,6,6,7,6,2,2,6,6,6,2,2,3,3,3,6,5,5,5,2,5,7,5,7,5,1
Female,10,85,20,2,2,1,2,1,,4,14,Caucasian and West Indian,1,2,2,2,0,2,2,0,1,0,0,0,,0,1,1,1,1,0,3,2,0,0,0,0,0,4,3,1,4,0,0,4,4,2,2,2,1,2,3,2,4,4,1,4,4,4,1,2,2,1,2,1,1,1,1,2,2,2,3,2,1,3,2,3,3,2,3,3,3,3,3,0,2,2,2,1,3,0,2,0,3,0,0,3,4,0,4,1,1,0,4,1,0,3,3,4,0,0,0,3,0,0,3,4,4,4,4,2,0,4,4,0,2,0,4,4,2,0,4,4,0,0,4,4,0,4,0,4,4,3,0,0,0,2,0,3,2,2,0,4,2,4,2,2,1,1,2,2,1,0,2,0,3,0,3,2,3,0,3,4,3,3,1,1,2,3,3,1,4,2,1,0,4,4,4,4,4,3,4,4,4,1,3,0,0,0,4,4,3,4,4,2,3,3,3,0,2,0,0,0,1,3,1,4,3,3,3,4,4,0,0,3,3,1,2,1,2,3,3,1,0,0,4,3,4,1,0,4,4,0,0,4,4,0,0,3,1,0,0,0,1,1,0,1,0,0,0,1,0,0,0,1,0,0,0,0,0,0,0,3,3,3,3,2,180,4,120,7,780,570,2,1,1,5,5,1,4,3,4,4,4,4,5,7,2,6,7,7,5,6,1,2,3,6,5,1,7,2,2,1,1,3,6,1,7,1,6,7,1,1,5,3,5,5,5,5,6,3,5,5,5,5,3,2
woman,11,60,19,1,1,2,2,1,,1,4,,2,1,2,2,1,4,3,1,2,4,0,1,,,2,2,2,1,2,1,2,2,1,2,0,2,2,2,1,3,2,2,3,2,1,1,1,1,1,1,1,1,1,1,1,1,1,2,2,2,2,2,2,2,1,2,3,2,2,2,2,1,2,3,1,2,1,2,2,2,2,2,2,2,2,2,2,2,2,2,2,3,2,2,2,2,2,1,2,1,2,2,2,2,2,2,2,2,2,2,2,2,2,2,2,2,2,2,2,2,2,2,2,2,2,2,2,2,2,2,2,2,2,2,2,3,2,2,1,3,3,3,3,3,3,3,3,3,3,3,3,3,3,3,3,3,3,3,2,2,3,3,2,2,2,2,2,2,2,2,2,2,2,2,2,2,2,2,2,2,2,2,2,2,2,2,2,2,2,2,2,2,2,2,2,2,2,2,2,2,2,2,2,2,2,2,2,2,2,2,2,2,2,2,2,2,2,2,2,2,2,2,2,1,0,0,2,1,0,1,1,1,1,1,1,1,1,1,3,1,2,0,1,2,1,1,2,2,2,0,0,2,2,1,3,2,0,2,1,1,1,0,2,1,1,1,1,1,2,1,3,3,2,2,1,75,0,0,yes,1 hour,3,3,3,3,3,3,3,3,3,3,3,3,3,3,5,4,3,4,6,4,5,5,3,6,3,5,4,4,3,7,4,4,3,4,4,4,4,4,4,4,4,4,3,3,3,5,3,3,3,2,2,2,4,2,3
Female,8,85,20,1,2,1,1,3,,3,4,,2,0,2,1,0,4,4,1,1,3,0,2,5,,2,2,2,1,1,3,1,3,0,3,0,2,1,3,2,4,2,3,3,0,3,2,2,2,3,0,2,1,3,1,2,4,4,3,3,0,3,1,3,3,3,2,3,2,2,3,0,0,2,2,2,2,2,2,2,2,2,4,3,3,2,2,1,3,2,2,3,2,2,1,3,3,1,1,3,2,2,3,3,3,3,3,1,3,1,1,1,3,3,2,3,3,3,2,3,0,3,3,3,3,3,2,3,3,3,3,3,3,1,2,3,2,2,1,1,1,3,3,3,0,4,4,4,4,4,4,4,4,4,4,4,2,2,4,1,3,3,2,4,3,0,3,3,3,3,1,3,2,2,3,4,4,0,3,3,1,1,3,1,3,2,3,3,4,1,3,3,3,3,3,3,3,3,3,3,3,3,3,0,4,4,4,2,3,3,3,3,3,1,3,3,2,2,1,4,2,2,3,3,2,2,3,3,3,3,3,3,2,2,2,3,2,3,0,3,2,3,0,2,2,3,3,2,3,1,1,1,2,0,0,2,3,0,3,0,0,0,0,2,2,0,0,0,0,0,0,0,0,0,0,0,0,2,8 hours,7,10-15 min,all the time,4,4,4,4,3,3,4,3,4,3,4,3,7,7,2,2,6,6,5,4,7,1,7,2,6,3,1,1,7,4,7,2,5,4,1,6,6,6,6,3,4,7,6,7,7,7,7,5,4,4,6,6,5,1
Female,7,90,20,2,2,1,2,1,,3,3,,2,1,2,2,1,4,3,0,1,1,0,0,,100,1,1,3,2,1,1,1,1,0,1,0,0,4,2,1,4,0,0,4,3,1,4,2,1,1,2,1,1,2,0,3,2,3,3,4,0,4,0,3,3,3,3,3,0,1,1,0,0,1,0,4,4,4,4,4,4,4,4,0,3,1,0,0,4,0,2,0,3,0,1,1,3,3,4,3,3,0,4,1,2,2,1,4,0,2,1,3,1,1,0,3,4,4,1,2,0,3,3,0,0,1,0,1,0,0,1,1,0,0,4,4,0,4,0,4,4,0,0,0,1,1,0,1,2,0,0,2,0,0,1,0,0,0,1,0,1,0,3,1,3,0,2,1,3,0,2,3,3,3,0,0,3,0,3,3,3,0,3,0,3,3,3,3,3,1,0,2,1,0,0,0,0,0,3,3,3,2,3,1,1,1,0,0,0,0,0,0,0,2,0,2,1,3,1,4,4,0,1,0,2,1,3,3,2,1,3,0,0,1,3,3,3,0,0,1,3,0,0,3,3,0,0,2,0,0,1,0,0,1,0,0,0,0,0,1,0,0,0,0,0,0,0,0,0,0,2,3,3,1,2,0,0,0,0,7,30,90,1,1,2,4,2,1,3,1,5,4,1,3,4,5,2,7,2,6,2,4,2,5,2,7,3,2,7,4,1,1,3,4,6,2,2,1,1,4,1,2,1,1,2,1,4,1,2,1,5,5,5,5,4,2
female,8,65,20,1,2,2,1,3,,2,4,,1,2,2,2,1,3,3,1,1,2,0,1,,,1,2,3,2,2,0,1,1,1,1,2,1,2,0,1,3,1,1,3,2,2,2,2,2,2,2,1,1,1,1,1,1,1,2,3,0,2,2,2,2,3,3,3,3,2,2,2,2,2,2,1,2,2,1,2,2,2,3,2,3,2,3,2,3,2,3,2,3,2,2,2,3,2,1,2,2,2,3,2,2,2,2,1,2,2,2,2,3,3,2,3,3,2,3,3,2,2,2,2,1,2,2,3,1,2,2,1,2,2,3,2,1,2,2,3,2,3,2,2,2,3,2,4,3,2,2,3,2,3,2,3,2,2,2,3,2,3,2,3,3,2,3,1,2,1,2,2,2,2,2,1,3,2,3,2,1,2,2,1,2,2,3,3,2,2,2,3,3,2,2,3,2,4,3,2,2,2,3,1,2,2,2,1,2,3,2,2,2,2,3,3,2,2,2,2,2,3,3,3,2,3,3,2,2,2,3,2,2,2,3,2,2,3,3,3,2,2,0,3,2,2,2,2,2,2,3,3,3,2,2,3,3,2,2,2,3,2,2,2,2,3,3,3,2,2,2,2,2,2,2,6,1.5,0,0,7,30,90 min,3,3,4,3,3,3,3,4,3,3,3,4,5,5,5,4,4,5,5,3,4,4,4,5,5,5,4,4,5,5,5,5,4,4,4,3,4,4,5,4,4,4,4,4,5,5,4,4,4,5,4,5,4,3
FEMALE,10.5,93,20,2,2,2,2,1,,4,12,,1,2,2,2,0,4,2,0,1,1,0,0,19,,3,2,2,3,3,3,2,2,2,3,1,3,1,2,1,4,2,4,3,2,1,2,3,2,3,1,3,0,2,0,3,3,3,2,3,0,2,2,2,3,2,1,4,2,1,3,1,0,2,0,3,4,4,3,4,4,4,3,1,2,1,0,0,3,1,1,1,3,2,2,3,3,1,1,2,2,0,3,2,2,2,2,1,1,2,1,1,3,2,3,3,2,1,2,2,0,3,3,4,4,3,3,3,3,2,2,3,3,1,1,1,3,2,2,1,1,4,3,3,2,3,2,4,3,2,2,4,1,3,4,4,2,3,2,3,1,3,3,3,2,0,1,3,2,2,3,3,1,1,4,4,3,0,2,3,2,2,3,0,2,3,2,1,3,2,2,2,0,3,3,1,0,3,1,3,2,2,3,1,3,2,1,2,1,1,1,3,3,0,3,1,0,2,3,4,1,3,1,4,0,0,1,1,1,2,1,2,3,0,0,2,1,3,1,2,1,0,0,1,3,0,0,1,2,0,0,0,1,2,2,1,1,0,0,1,2,1,1,3,1,0,0,1,0,1,0,0,2,1,1,0,0,0,0,7,120,120,4,4,4,2,3,4,2,3,4,2,4,2,2,5,6,2,4,5,2,6,3,2,5,3,5,2,2,4,6,2,4,4,5,2,6,5,3,5,3,3,4,4,3,3,5,4,5,3,2,4,3,3,1,1
Female,11.61,70,22,2,2,1,1,1,,4,4,,2,2,2,2,0,0,3,3,1,3,0,0,,100,1,1,1,0,0,4,3,0,1,4,0,0,4,4,2,4,0,1,4,4,3,3,4,1,2,1,4,3,4,1,3,4,4,1,3,2,2,2,1,1,1,1,2,2,3,3,2,4,4,1,3,4,4,4,2,3,3,3,1,4,2,1,1,3,0,3,2,4,2,3,1,4,1,1,4,4,1,4,2,2,3,2,1,2,3,0,4,3,4,3,4,3,1,4,2,1,1,2,1,4,4,2,3,4,3,0,4,4,4,3,3,0,3,0,2,1,4,1,1,1,3,2,3,4,0,3,4,1,4,3,4,3,2,4,3,3,3,4,2,4,1,4,0,4,1,4,3,4,3,4,4,1,3,0,0,4,2,1,1,4,4,3,3,4,2,4,4,4,1,4,1,0,3,4,3,1,0,2,3,4,4,1,0,2,1,0,1,3,4,1,4,3,3,0,2,3,1,2,3,2,2,2,3,3,3,3,1,3,0,2,3,3,2,1,0,3,1,0,3,4,0,0,1,1,1,2,2,1,3,3,3,1,0,4,1,1,1,1,2,3,1,1,2,0,1,0,2,3,3,2,3,80 min,2,40min,7,30min,240min,3,4,2,3,3,2,4,2,2,4,2,3,5,6,2,4,1,6,3,6,7,5,2,4,6,2,3,1,7,3,5,6,6,2,1,2,3,2,3,4,3,2,3,2,2,2,2,3,3,5,5,5,4,2
Female,10,80,20,1,2,2,2,1,,3,10,,1,2,2,2,0,4,3,0,1,2,0,1,,100,1,1,2,2,1,4,3,2,0,4,1,0,3,4,1,4,0,2,4,2,2,2,4,1,3,2,3,3,4,1,4,4,3,3,3,0,4,1,2,3,2,2,4,0,2,2,1,0,0,0,3,3,3,3,3,2,3,4,2,2,2,0,0,4,0,3,1,3,0,2,1,4,0,2,2,3,0,3,1,2,3,2,3,2,2,0,3,2,3,1,4,3,2,2,4,0,3,3,1,4,2,1,3,3,2,2,3,1,2,4,4,1,3,0,3,3,3,1,1,2,3,2,4,2,1,1,3,2,2,2,2,3,3,3,2,1,2,3,1,3,2,4,0,3,0,2,3,2,3,1,2,3,1,3,3,3,1,2,1,2,2,3,3,1,2,3,3,2,1,3,0,1,2,3,3,2,3,1,1,3,3,4,2,1,0,1,0,2,2,0,4,2,3,2,3,3,1,0,2,3,3,3,3,2,3,3,1,1,1,2,2,3,3,1,2,2,0,0,2,3,1,1,2,1,0,1,0,1,1,0,0,1,0,0,1,0,0,0,1,1,0,0,1,0,1,2,2,3,2,3,3,30 minutes,1,15 minutes,7 days,30 minutes,45 minutes - 60 minutes,3,3,4,4,2,2,3,2,3,2,2,3,6,6,3,4,4,7,2,5,5,3,5,4,3,2,6,5,6,3,4,5,7,1,5,1,5,5,4,3,4,2,5,4,6,2,4,3,5,5,6,6,6,2
female ,8.55,75,20,1,2,2,1,3,,1,4,,2,2,2,2,0,4,4,1,4,2,0,0,,,1,1,3,1,1,2,3,3,1,3,1,2,1,2,1,4,2,2,3,1,2,3,2,2,1,2,3,2,3,2,3,3,3,3,4,0,4,2,3,3,3,3,4,1,0,3,1,1,1,0,3,3,4,4,3,3,3,3,1,3,1,0,0,3,0,3,1,3,1,3,2,3,0,2,3,3,0,4,2,3,3,1,3,2,2,0,2,1,2,3,4,3,2,3,4,1,3,3,1,2,4,2,4,1,3,0,3,2,2,4,4,1,3,0,4,3,3,3,2,1,3,3,4,4,2,2,4,3,2,2,2,0,0,3,3,3,2,3,1,4,0,3,0,4,0,2,3,3,3,1,1,3,1,3,3,2,3,3,0,3,3,3,3,3,1,2,3,2,1,2,0,0,1,3,2,3,3,4,0,2,2,3,0,1,0,1,2,2,2,1,3,2,3,1,4,4,1,1,1,2,2,3,2,3,3,3,0,2,2,3,3,3,2,2,3,3,1,0,3,4,1,0,1,1,0,0,0,2,3,1,2,2,1,2,2,1,1,1,0,0,0,0,0,0,1,1,3,3,2,1,3,2 hours ,0,0,7,160,360,3,4,4,4,4,2,3,2,4,4,3,3,7,7,2,5,2,7,2,4,3,5,3,5,4,3,6,2,4,3,6,6,7,2,4,1,4,6,1,5,6,2,5,4,6,2,4,2,5,5,6,5,5,3
Female,10,85,20,2,2,1,2,2,,4,10,,1,0,1,2,0,3,4,2,2,3,0,1,,67,2,1,2,1,1,2,2,2,1,2,0,2,3,2,2,4,3,2,3,2,2,1,1,1,0,0,1,1,2,1,1,1,2,3,3,0,4,1,3,3,2,2,3,3,2,2,1,3,3,2,3,3,3,3,3,4,3,3,3,3,2,2,1,3,0,1,1,2,0,1,3,2,2,3,3,1,0,2,1,0,0,2,3,1,1,3,2,2,1,3,2,2,3,1,1,1,2,2,2,0,2,3,1,1,0,2,2,2,0,3,2,1,3,2,2,2,3,2,1,0,1,0,1,2,0,0,1,0,3,3,2,0,0,1,2,2,2,2,1,2,0,2,0,1,0,3,3,1,2,2,1,2,0,2,1,4,1,1,1,3,3,3,3,3,1,2,2,2,0,2,3,1,3,3,2,2,3,3,1,2,2,3,1,3,3,1,3,2,2,1,1,1,2,2,3,2,1,1,3,0,0,1,2,2,2,1,3,0,1,3,3,1,2,1,1,1,2,0,2,2,0,1,2,0,0,0,0,0,1,0,0,1,0,0,1,0,0,0,0,0,0,0,0,0,0,1,1,2,0,3,1,45,2,60,7,90,240,4,3,4,4,2,3,2,3,2,2,3,2,3,5,5,6,5,6,2,5,3,1,3,4,5,5,5,5,2,2,2,3,5,5,6,1,3,4,1,3,2,2,2,2,4,1,4,4,2,4,5,5,2,2
Female,8,90,20,1,2,1,1,3,,4,10,,1,3,2,2,0,3,4,2,1,2,1,1,,,2,2,3,2,1,2,3,3,3,3,1,2,1,1,2,4,3,4,2,2,2,3,4,4,3,1,4,4,3,2,4,3,4,2,3,2,2,3,3,2,1,2,1,2,3,3,3,3,3,1,3,2,3,3,3,3,2,3,3,3,1,2,1,3,1,3,1,3,1,3,2,3,3,3,4,3,2,3,2,4,3,3,3,3,1,2,3,3,4,1,3,3,3,2,4,1,2,2,3,3,4,1,3,3,4,4,4,4,4,3,4,3,2,3,2,1,3,4,3,3,4,3,4,3,2,3,4,4,3,1,1,2,2,3,3,4,1,3,2,3,2,3,2,4,2,4,4,1,4,1,1,1,2,2,0,3,0,1,1,3,3,3,3,4,3,3,3,3,4,3,1,2,4,3,3,3,4,3,3,3,2,3,3,3,0,1,3,3,2,4,4,2,3,2,3,3,1,2,2,1,2,2,3,4,2,2,1,1,1,2,4,3,2,1,3,3,1,0,3,4,0,0,3,4,1,0,4,4,3,4,4,4,3,4,4,4,4,3,4,4,4,4,4,4,4,4,3,3,3,2,0,60 minutes,5,45,7,360,120,4,4,4,4,4,4,3,4,4,4,3,4,7,6,6,6,7,7,3,2,7,5,5,5,4,4,4,5,7,3,7,6,7,3,6,3,2,4,4,6,5,3,6,5,6,5,4,4,3,6,3,6,4,3
Male,7,80,20,1,2,2,1,3,,1,2,,1,2,2,2,0,0,4,0,4,0,0,0,11,,1,1,4,1,1,4,1,4,0,4,0,2,0,2,1,3,4,0,1,4,4,0,4,1,0,0,4,4,4,3,0,4,4,1,2,3,2,2,1,1,1,1,2,3,3,3,2,0,4,0,3,2,4,4,4,4,4,4,0,2,1,1,1,4,0,1,1,4,3,0,4,4,0,0,4,1,0,4,3,3,1,1,4,0,0,2,4,1,1,4,4,4,4,4,0,0,3,4,0,4,0,4,4,4,4,4,3,4,0,4,4,1,4,0,4,3,3,1,1,0,3,3,4,4,3,2,4,3,2,4,2,0,0,3,2,2,0,3,3,4,0,3,0,4,1,4,4,4,1,3,1,4,0,4,3,4,0,2,0,3,3,3,3,2,1,3,3,2,3,3,0,1,3,3,3,3,4,0,0,4,4,3,0,3,0,0,2,1,3,1,4,3,4,1,4,4,1,0,0,3,3,3,3,3,3,3,0,1,0,2,3,4,1,0,3,0,0,0,3,3,0,0,1,1,0,0,0,2,4,0,1,3,0,0,0,0,0,0,0,0,3,0,0,0,0,0,2,1,3,2,0,0,0,0,5,30,480,4,4,4,4,5,2,1,4,2,2,5,2,2,6,1,2,7,6,1,7,2,1,2,2,7,3,6,6,7,2,7,2,6,2,6,6,2,7,1,1,1,2,3,1,3,1,5,5,5,3,6,6,6,1
Female,8,93,19,1,2,2,2,1,,1,5,,1,3,1,3,0,4,2,1,2,0,0,0,83,,1,0,1,1,0,4,4,1,0,4,0,3,0,4,2,3,1,4,4,1,1,3,3,1,2,2,3,1,4,1,3,4,4,3,3,1,4,2,4,4,3,3,3,1,1,2,1,1,3,2,2,3,3,3,3,3,3,3,1,3,2,1,1,3,0,3,1,4,2,2,2,0,0,3,4,2,0,0,2,4,2,1,1,1,2,1,3,2,2,3,4,4,4,2,4,1,3,4,0,2,3,2,4,3,3,1,3,3,3,4,4,3,4,3,4,4,3,3,3,3,4,0,3,3,0,0,4,0,3,3,3,3,3,4,4,2,0,3,1,4,1,3,4,4,1,4,4,4,4,3,3,4,1,2,2,1,1,3,1,4,4,4,4,2,3,4,4,3,2,4,3,0,3,4,3,4,2,2,2,4,4,2,0,3,3,0,2,4,2,2,4,3,3,2,4,4,2,3,0,4,3,3,3,3,3,3,2,0,0,4,4,4,2,2,4,3,2,0,3,4,0,0,0,2,0,0,0,2,2,0,2,0,0,2,0,0,0,0,0,0,0,0,0,0,0,0,3,3,3,3,7,usually around 1.5 - 2 hours ,2 days,10 mins ,Everyday,like around 60 min,maybe around 9 hours = 540min,3,3,3,5,5,3,3,5,4,5,5,5,6,7,1,7,3,7,3,5,4,5,2,6,1,1,6,5,6,2,7,6,7,4,4,6,4,7,7,2,5,1,5,1,5,5,6,4,5,6,5,5,5,1
Female,11,70,20,1,2,2,1,2,,4,4,,2,1,2,2,0,2,0,0,3,1,0,0,,,1,2,2,0,1,4,1,0,1,4,3,1,1,3,2,4,0,4,4,4,1,3,4,3,1,1,4,2,4,3,3,4,4,3,3,1,3,1,3,4,2,2,3,1,2,4,2,1,3,2,2,2,3,3,4,3,3,3,1,2,2,1,0,3,0,2,2,3,3,3,4,3,1,2,4,2,1,4,4,4,3,2,3,4,3,0,4,3,4,4,4,4,3,4,1,1,3,3,2,4,4,4,4,4,4,3,3,2,3,3,3,1,3,1,2,2,4,2,2,0,2,1,3,2,2,2,4,3,2,3,3,2,2,4,3,3,2,1,2,2,0,1,0,4,1,3,4,3,2,3,3,3,2,1,2,4,0,2,1,4,3,3,4,4,1,2,3,4,0,3,0,0,3,3,2,3,3,3,0,1,1,4,1,2,0,0,2,1,4,3,4,2,2,0,4,4,2,3,3,2,2,1,3,3,3,2,3,4,0,4,4,1,2,1,2,4,2,0,4,4,0,1,4,1,0,2,0,1,1,0,2,0,0,4,1,0,0,0,0,1,0,0,0,0,1,2,3,3,1,3,5,60,3,20,7,60,90,4,4,5,4,3,4,2,4,4,3,5,2,2,7,5,6,1,7,5,7,7,2,3,3,5,3,5,2,7,2,7,5,7,2,6,7,1,5,5,5,6,3,3,5,5,6,3,5,3,5,5,6,5,3
Woman,8,80,20,1,1,2,2,1,,4,6,,2,1,2,2,1,2,1,0,2,1,0,0,,,2,2,2,1,2,0,0,0,0,0,0,0,,,,,,,,,,,,,,,,,,,,,,3,3,0,4,1,2,3,3,2,4,0,1,2,1,0,2,1,3,3,3,4,3,3,3,3,1,3,1,2,1,3,1,3,1,3,1,3,2,2,1,1,3,2,0,3,3,2,3,1,1,1,1,1,3,2,2,3,3,3,3,3,3,1,3,3,3,3,3,1,3,2,3,1,3,3,1,4,4,0,4,0,3,2,3,1,1,1,2,1,2,1,1,1,3,1,0,1,1,2,2,2,3,3,2,3,1,2,1,3,0,3,1,3,3,2,2,1,1,3,1,3,3,1,2,3,0,4,3,3,2,2,1,3,4,3,3,3,0,1,3,3,3,3,3,3,1,3,3,4,0,2,0,0,2,1,2,1,3,1,2,2,3,2,1,0,0,1,2,3,3,3,3,3,0,1,0,3,3,3,2,0,3,2,0,0,3,3,0,0,3,0,0,1,0,1,1,0,2,1,0,1,1,0,0,0,0,0,0,0,0,0,1,0,3,3,3,3,,,,,,,,4,3,3,4,3,2,3,4,3,4,2,4,5,6,5,3,4,6,2,3,5,4,2,5,4,3,3,2,3,5,5,5,6,3,4,2,2,5,5,5,3,2,2,2,5,2,2,5,6,5,5,5,4,3
Male,8.75,92,22,1,2,1,2,1,,2,4,,1,0,2,1,0,0,3,0,4,1,0,0,4,,3,1,4,2,1,3,0,2,0,1,0,0,4,3,0,4,0,0,4,1,2,1,3,1,0,0,3,0,3,1,2,0,1,2,4,0,4,2,1,2,3,3,2,3,0,1,2,3,1,2,4,4,4,4,4,4,4,4,1,2,0,0,1,3,0,3,4,3,0,1,0,4,2,4,4,3,3,4,0,4,4,3,4,1,4,0,2,1,2,1,4,2,3,4,2,0,4,1,2,0,1,0,2,0,4,2,2,3,1,4,4,0,4,2,4,1,0,0,0,0,0,0,0,0,0,0,1,0,2,3,3,0,0,1,3,0,0,1,0,2,0,2,0,2,0,1,3,0,0,1,1,4,2,0,3,0,2,0,1,3,3,3,4,4,0,1,2,3,0,0,0,0,1,2,3,0,3,4,0,0,1,2,0,3,0,0,0,1,0,1,3,1,4,1,4,3,1,0,2,2,3,1,4,1,4,2,0,0,2,2,3,4,3,1,4,3,0,0,1,3,0,0,4,0,0,0,0,0,0,0,0,0,0,0,4,0,0,0,0,0,0,0,0,0,0,4,3,1,4,3,0,0,2,15-Oct,7,60,600,4,1,5,2,1,1,2,1,4,1,1,3,5,5,6,7,5,7,6,1,7,5,7,6,3,4,7,5,2,1,6,7,7,2,5,2,6,4,2,2,1,1,1,1,5,1,6,1,2,6,3,3,3,1
Female ,9.75,80,20,2,2,2,2,2,,3,14,Chinese/Vietnamese ,1,1,2,1,1,4,2,0,3,0,0,0,,0,2,2,3,1,2,0,0,0,0,0,0,0,1,0,0,4,0,0,3,2,0,3,3,2,2,3,2,0,0,0,0,2,2,2,2,2,3,1,2,4,3,2,2,0,2,2,2,1,1,1,3,3,3,3,3,3,3,3,0,3,1,0,0,3,3,2,0,3,1,2,3,3,3,2,4,4,0,4,1,2,3,2,3,1,1,0,3,1,3,3,4,3,2,3,3,0,3,3,1,2,3,3,3,3,4,3,3,2,1,3,3,0,2,0,4,4,0,0,0,0,2,1,3,2,0,0,2,0,2,1,1,0,0,2,1,2,0,3,0,3,0,3,0,4,0,3,3,3,3,0,0,2,0,3,1,1,2,1,2,2,3,2,2,1,1,3,3,3,1,3,0,0,0,4,3,3,3,3,0,4,3,3,0,0,0,0,0,0,3,0,4,4,3,2,4,4,0,2,2,2,0,2,2,2,2,2,3,0,3,3,3,3,2,2,3,3,0,0,2,3,2,1,3,2,0,3,0,0,0,2,1,2,3,1,2,0,0,0,3,2,3,0,1,2,1,3,3,3,3,3,1,60,1,10,7,15,90,1,1,2,4,3,2,4,3,4,4,3,4,5,6,3,5,4,6,1,5,2,5,4,6,6,5,6,2,5,1,5,6,6,1,5,1,4,6,2,4,6,1,6,3,6,6,6,2,5,6,6,5,1,2
Male,9.67,92,20,1,2,1,2,1,,1,4,,1,0,1,2,1,2,3,0,4,0,0,0,,0,3,2,4,3,2,2,1,2,1,1,2,1,0,4,0,4,2,1,4,0,0,0,0,0,0,0,3,0,2,0,0,0,2,3,3,0,3,4,2,2,2,2,4,1,1,2,1,0,2,0,4,4,4,4,4,4,4,4,0,4,0,0,0,4,0,2,3,3,2,3,2,4,4,2,4,0,0,3,2,0,1,2,1,2,0,0,2,1,4,2,4,2,3,2,2,0,2,4,2,3,3,2,4,3,4,0,3,4,4,3,2,2,2,1,1,2,4,2,2,0,2,0,2,1,0,0,2,0,4,4,4,1,1,3,3,2,4,2,0,1,0,1,0,2,0,2,4,0,1,0,1,2,2,4,2,0,0,0,0,4,4,4,4,4,0,1,1,2,0,1,1,0,4,4,4,3,4,4,0,1,1,3,0,1,1,0,3,3,1,4,2,2,2,4,4,2,3,1,1,0,3,3,3,3,2,3,2,2,3,3,4,3,1,0,4,3,0,0,1,4,0,0,4,0,3,0,0,4,0,0,0,2,0,0,0,0,0,0,0,0,0,0,0,0,1,4,1,2,1,2,4,60,7,30,7,60,180,3,3,3,4,4,3,2,4,4,3,3,2,5,7,5,6,1,7,5,4,7,2,6,3,3,7,4,1,6,1,3,1,5,1,7,3,1,7,3,6,4,4,4,4,4,4,4,4,2,5,5,5,7,2
female,11.14,80,20,1,2,2,2,1,,1,4,,1,0,2,3,0,3,1,1,1,3,0,0,,,1,1,2,1,0,3,0,0,0,3,0,0,3,3,2,4,0,1,4,2,2,2,3,1,0,1,2,1,1,0,1,2,3,4,4,0,4,1,3,3,3,3,4,1,1,3,1,2,2,2,2,2,3,3,3,2,2,3,1,2,2,1,1,3,1,2,1,3,1,1,3,3,2,3,2,1,1,3,1,1,2,3,3,1,3,1,3,3,2,2,3,3,3,3,2,1,3,3,1,1,1,2,3,2,1,1,3,2,1,4,4,0,4,0,4,3,2,3,3,1,2,0,2,1,0,0,3,1,1,1,0,0,0,2,2,3,1,3,2,3,0,1,1,2,0,1,3,2,0,1,0,3,1,3,2,1,1,2,0,2,2,1,2,1,0,3,2,2,0,1,0,0,1,2,2,0,1,1,0,2,2,2,0,1,0,0,0,1,1,0,1,2,2,3,4,4,1,1,2,3,2,3,3,3,3,3,1,1,3,3,2,3,1,0,3,2,0,0,2,2,0,1,3,0,0,0,0,1,1,0,0,0,0,0,0,0,0,0,0,0,0,0,0,0,0,0,2,3,2,3,0,0,1,120,7,60,180,3,2,3,3,2,2,3,2,2,2,3,2,4,6,3,5,6,7,3,5,3,5,3,6,5,5,6,5,5,3,5,3,6,3,3,2,5,6,3,2,2,2,2,2,5,2,2,2,6,6,6,6,5,3
Female,9.6,80,20,1,2,1,2,3,,2,4,,1,0,2,2,0,0,1,0,2,2,0,0,,64,1,2,2,0,0,3,1,0,0,3,0,0,4,4,3,4,1,1,4,1,3,4,3,4,4,4,3,1,4,0,4,4,4,3,4,0,4,2,3,3,3,3,4,1,2,1,0,0,1,1,3,3,3,4,4,3,3,3,1,2,1,2,1,3,1,3,2,3,1,4,2,3,1,2,4,3,0,4,3,4,3,0,3,4,3,1,4,1,4,3,4,4,1,3,3,1,4,4,0,3,4,3,4,4,4,0,3,1,4,4,4,0,4,0,4,4,1,0,0,3,4,1,3,4,0,1,4,2,1,2,1,1,1,3,4,3,3,3,1,4,0,3,0,3,1,4,4,4,4,1,0,3,0,2,3,2,3,0,0,4,4,2,1,1,0,3,4,1,1,2,0,2,2,4,4,3,3,0,3,4,4,2,0,3,0,3,1,2,1,1,2,3,4,3,4,4,2,1,2,4,3,4,4,2,4,4,1,2,0,3,3,4,3,0,4,4,1,0,4,4,0,4,2,2,1,0,0,1,2,2,0,0,0,1,1,0,0,0,1,0,0,0,0,0,0,0,3,2,2,2,3,45,0,0,5,20,4,2,4,5,5,4,4,4,4,4,4,4,4,6,6,2,3,1,7,5,6,7,5,2,7,1,1,6,1,6,2,7,6,7,2,6,2,1,6,6,7,5,2,4,6,6,5,6,6,7,7,6,7,7,2
Female,6,80,22,2,2,2,2,2,,4,6,,2,2,1,2,0,4,3,0,0,1,0,0,5,,4,3,3,4,4,4,3,0,0,4,1,0,2,2,2,4,0,3,4,4,3,4,3,2,1,1,3,4,4,2,4,4,4,3,3,0,3,2,1,2,2,2,3,3,2,2,2,1,2,1,3,4,3,4,3,3,3,3,1,2,1,1,1,3,2,3,2,4,1,2,2,4,1,1,3,2,0,4,2,3,2,4,2,1,1,0,2,2,2,2,4,1,2,1,3,0,2,4,3,1,1,2,4,1,2,3,2,4,0,4,4,1,4,2,3,3,1,2,1,0,2,1,3,2,0,1,2,0,2,3,3,0,0,2,1,1,0,2,2,2,0,1,0,1,2,0,0,0,1,3,3,2,2,1,2,3,1,2,1,3,3,2,4,3,2,3,2,1,0,2,0,1,4,3,2,3,3,3,2,2,2,1,0,3,0,1,4,2,2,2,3,1,3,2,4,3,2,2,1,1,1,2,2,2,3,2,2,2,1,1,3,3,1,2,4,3,1,0,2,3,0,1,3,1,0,1,0,1,0,0,1,0,0,0,0,0,0,0,0,0,0,0,0,0,0,0,2,3,1,3,0,0,0,0,7,500,300,5,3,4,3,3,4,3,4,3,3,5,3,5,7,7,2,2,3,3,4,1,5,6,5,4,3,3,4,4,2,5,2,7,1,4,3,3,5,3,3,5,6,3,5,5,4,6,5,3,3,4,2,2,1
Woman,10,95,20,1,2,2,2,1,,1,12,,1,2,2,3,0,4,1,0,0,0,0,0,3,,1,0,1,1,0,0,3,0,0,0,0,0,0,0,3,4,0,2,4,0,2,0,3,3,3,3,3,0,2,0,2,0,0,4,4,0,4,0,2,3,3,4,4,0,0,1,0,0,0,0,4,4,4,4,4,4,4,4,0,1,0,0,0,4,0,1,0,3,0,2,0,3,2,2,2,2,2,2,2,2,2,2,2,2,2,2,2,2,2,2,2,2,2,2,2,2,2,2,0,0,4,2,4,0,0,0,0,0,0,4,4,0,4,0,4,4,0,0,0,0,0,0,0,1,0,0,0,0,0,0,0,0,0,0,0,0,0,0,0,0,0,0,0,4,0,4,4,4,4,0,0,4,0,4,4,0,0,4,0,4,4,4,4,4,4,4,4,4,4,4,0,0,0,4,4,4,4,4,2,4,4,4,0,4,0,0,0,4,4,0,4,4,4,0,4,0,0,0,0,2,2,3,3,3,4,4,0,4,4,2,2,2,2,2,2,2,2,0,1,1,1,2,2,0,0,0,0,0,0,0,0,0,0,0,0,0,0,0,0,0,0,0,0,0,0,0,3,4,1,2,1,60,5,20,5,30,5,1,1,1,1,1,1,1,1,1,5,1,1,4,4,4,4,4,4,1,1,5,1,1,6,1,1,4,4,4,4,4,4,4,4,4,4,4,4,4,4,4,4,4,4,4,4,4,4,4,4,4,4,4,1
female,8,75,21,2,2,2,2,1,,4,2,,1,3,2,2,0,3,3,0,1,4,0,0,,,3,3,3,2,2,0,0,0,0,0,0,0,0,0,0,4,0,0,3,2,2,4,2,1,1,2,2,2,2,2,1,2,2,4,4,0,4,2,2,3,3,4,4,1,0,2,0,0,1,1,3,3,3,3,3,3,3,3,1,4,2,0,1,2,0,4,1,3,3,3,2,2,3,3,2,3,2,3,3,3,2,3,3,2,2,3,2,2,3,3,3,2,2,2,3,3,2,3,3,2,2,2,2,3,2,3,2,3,3,3,3,2,2,3,3,2,3,3,2,3,2,2,2,3,2,3,3,3,3,3,4,2,2,3,4,4,4,4,4,4,1,3,2,3,2,4,4,4,4,3,3,3,3,2,2,4,1,4,1,4,4,4,4,4,4,4,3,4,3,4,4,4,4,4,4,4,4,4,4,4,4,4,4,4,4,4,4,4,4,3,3,3,3,4,4,3,4,3,4,4,4,3,4,3,3,3,4,3,3,4,3,4,4,4,3,3,3,4,3,3,3,3,4,4,4,3,3,3,4,4,3,3,3,4,4,4,3,3,4,4,4,4,3,4,4,4,4,4,4,4,4,60 minutes,2 days,20 minutes,7 days,200 minutes,400mins,2,4,4,4,3,4,3,3,4,4,3,4,6,6,3,6,6,7,3,4,5,6,3,7,1,5,4,3,3,5,7,7,7,4,4,4,4,7,2,5,6,5,5,5,4,4,6,6,6,6,6,5,6,3
Male,9,70,19,1,2,2,2,1,,1,6,,1,0,2,2,1,3,3,0,2,1,0,0,24,,3,4,3,2,3,0,2,2,1,1,0,2,1,0,2,4,3,3,3,2,2,3,2,3,1,1,2,2,3,4,3,2,3,3,2,1,3,3,2,2,1,1,4,3,2,3,2,1,3,2,1,1,1,1,0,0,0,2,3,2,1,2,2,2,2,1,3,1,3,1,2,2,3,1,3,2,3,3,3,4,1,4,1,1,0,3,2,3,3,4,3,3,2,3,0,1,2,4,3,4,4,4,4,4,4,2,4,4,1,2,2,4,1,3,0,0,4,4,4,2,4,3,4,4,2,3,4,3,4,3,4,3,1,4,2,0,1,1,3,0,1,0,4,0,3,1,2,0,0,4,4,2,3,1,1,4,0,1,3,2,3,4,4,4,0,0,3,3,4,1,4,4,4,1,2,3,4,4,0,0,1,3,3,0,3,2,4,3,0,4,3,0,0,4,3,1,4,4,4,0,0,0,3,2,3,1,4,3,3,0,3,1,3,4,2,3,2,0,1,4,0,3,2,3,1,0,1,2,1,0,4,3,0,1,2,1,1,3,2,3,3,2,3,2,3,2,0,2,1,1,1,90,2,120,7,15,360,4,5,5,2,3,4,3,4,4,4,5,4,1,6,7,4,3,6,7,7,6,1,7,1,2,6,5,3,7,5,6,5,5,6,6,6,2,3,2,5,5,6,5,3,5,5,5,5,2,5,3,5,1,1
Male,9.5,80,19,2,2,1,2,1,,1,12,,1,3,2,2,0,3,2,0,2,4,0,0,,50,2,2,2,1,1,2,1,0,0,4,0,0,4,4,1,4,0,0,4,4,2,3,2,3,0,0,3,2,3,2,4,2,4,3,3,0,3,3,2,2,2,2,3,3,3,1,2,2,2,1,3,3,3,3,3,3,4,3,1,2,2,1,1,3,0,2,3,3,0,2,3,3,1,4,4,4,2,4,2,3,2,1,0,2,2,1,3,1,2,1,3,4,4,4,2,1,3,3,1,0,1,2,3,0,1,3,3,1,1,4,4,0,4,1,4,4,0,0,0,1,2,0,2,2,1,0,1,1,1,1,1,1,1,1,4,3,0,4,2,3,1,3,1,3,0,4,3,3,4,2,1,4,2,1,3,3,2,3,1,4,4,4,4,3,2,1,1,1,1,1,0,0,1,4,4,4,2,1,2,2,1,1,0,1,0,0,1,0,3,1,4,4,4,2,4,4,0,1,1,4,4,4,4,4,4,4,0,0,1,4,4,4,2,1,4,4,0,0,4,4,0,0,0,1,2,0,2,0,1,0,0,0,2,0,2,0,0,0,2,2,0,2,2,2,0,0,3,4,1,2,3,60,1,50,7,45,350,1,1,1,5,3,1,2,1,5,4,2,3,4,6,3,7,7,7,5,4,4,5,3,7,1,2,7,5,2,4,6,6,6,4,3,1,6,5,2,4,7,3,5,3,6,2,7,3,7,7,7,7,7,2
female,7.6,85,20,1,2,2,1,2,,4,2,,1,1,2,2,0,2,3,0,2,3,0,0,,,1,2,3,1,0,3,2,1,1,2,1,2,0,2,1,4,2,3,2,1,1,2,2,3,0,0,0,1,2,2,2,2,1,2,3,1,3,3,2,2,2,1,3,2,2,1,1,1,1,1,3,3,3,3,2,4,4,3,1,3,2,1,1,3,1,3,1,3,1,3,1,4,3,2,3,3,1,3,2,4,3,2,3,2,3,2,2,1,4,2,4,3,1,2,2,1,3,2,1,2,3,1,3,3,3,0,3,3,3,3,3,1,3,1,3,3,1,2,1,2,4,3,4,3,2,2,3,2,4,2,3,1,1,3,3,0,3,2,3,2,1,2,0,2,1,3,3,1,1,2,2,2,1,3,2,1,2,2,1,3,3,3,2,2,2,4,3,2,2,3,1,1,2,2,3,2,2,1,2,2,3,3,1,2,1,1,2,2,3,3,4,2,3,1,4,3,1,2,3,2,1,2,1,1,2,2,1,1,1,1,2,2,1,1,3,3,1,0,1,3,0,1,2,1,0,0,0,2,0,0,1,1,0,1,0,0,0,0,0,1,0,0,0,4,1,0,1,2,1,2,2,60,2,30,7,120,600,3,4,4,3,3,2,2,3,3,3,3,3,6,6,3,4,2,6,3,3,6,3,5,5,3,4,5,2,5,3,6,5,6,3,5,3,2,5,4,4,4,4,5,5,6,4,5,3,4,4,5,5,5,3
Female ,10,85,19,1,1,1,2,4,wasnt condsidering it until i got in ,4,6,,2,0,2,2,0,4,3,0,3,1,0,0,21,,2,1,3,1,3,0,2,0,2,2,1,0,2,1,0,4,2,3,2,1,0,0,3,1,0,1,3,0,3,1,3,3,3,4,4,0,4,0,4,4,4,4,4,0,0,1,0,0,0,1,3,2,3,3,2,3,3,3,2,3,2,2,0,3,0,3,2,2,0,1,3,3,3,3,4,3,0,2,2,2,2,3,2,2,1,0,2,1,3,3,3,2,2,2,3,1,2,3,1,3,3,2,3,3,2,2,3,4,1,4,4,0,4,0,3,3,3,2,0,2,2,2,3,2,1,1,4,1,3,3,1,1,1,3,3,0,3,3,1,3,0,2,0,3,0,2,3,3,3,0,0,3,1,3,2,2,3,2,1,2,2,2,2,2,2,2,2,2,2,2,0,,3,3,3,3,3,3,0,1,1,3,1,1,0,0,1,2,2,1,3,2,3,1,4,4,3,2,2,3,3,3,2,3,3,3,1,1,1,1,2,1,2,0,2,0,1,0,3,3,0,1,2,0,0,0,0,1,2,0,0,0,0,0,0,0,0,0,0,0,0,0,0,0,2,0,1,1,1,2,4,60,2,60,7,60,300,4,4,2,3,3,2,2,2,3,3,2,3,5,6,4,5,4,6,2,4,3,3,6,5,2,5,4,3,6,3,6,5,4,2,5,1,4,5,1,2,3,2,2,2,4,2,3,2,5,5,5,5,2,1
Female,12,95,19,2,2,1,2,1,,2,12,,1,3,2,2,0,0,4,0,3,0,0,0,,,1,0,1,0,1,2,2,2,1,2,0,1,0,3,1,4,1,3,4,3,3,3,3,4,3,3,3,4,3,4,4,3,3,2,2,0,2,3,2,2,2,2,2,2,1,2,2,1,1,0,3,3,4,2,3,3,4,3,3,3,0,0,0,3,2,3,1,3,0,3,0,3,1,3,4,3,3,2,3,3,2,3,1,2,3,3,2,3,4,1,3,3,3,3,3,3,2,3,0,1,3,1,4,1,3,2,4,1,4,4,4,1,3,4,4,3,4,3,0,1,3,2,3,3,1,0,4,2,3,2,1,2,2,2,1,3,3,3,1,4,2,3,1,4,1,4,4,4,4,1,1,3,0,3,3,1,1,3,1,3,3,3,3,4,2,2,2,4,1,3,0,3,1,3,2,4,3,3,2,3,4,2,1,0,0,0,0,2,3,1,3,2,3,1,3,3,1,3,0,4,3,4,4,3,3,3,2,3,3,3,3,3,3,1,4,3,1,0,0,4,0,3,3,1,0,0,0,2,0,0,0,0,0,0,1,0,0,0,0,0,0,0,0,0,0,1,3,3,3,3,0,0,2,30,7,60,480,2,3,3,4,2,3,4,4,4,5,4,4,6,6,2,6,6,6,2,2,7,5,4,5,2,1,6,2,1,1,1,6,2,2,3,2,2,6,5,6,6,5,6,2,6,4,6,2,7,7,7,7,7,3
Female,6,60,24,2,2,2,2,1,,5,14,"Arab, Caucasian",1,3,1,1,0,0,1,0,0,2,0,0,,74,4,2,1,2,4,0,1,2,0,0,0,4,4,0,0,4,4,2,2,1,1,1,2,1,1,0,2,2,2,1,2,1,2,3,1,0,2,1,2,3,2,2,4,4,1,3,0,1,2,1,1,1,2,2,1,1,4,2,2,4,3,0,0,3,0,4,1,2,0,3,1,2,1,0,4,3,0,2,2,0,2,2,0,2,2,2,2,2,1,1,1,0,0,0,2,2,2,1,3,3,3,0,1,2,4,2,2,3,0,1,2,1,2,2,0,1,4,4,2,3,4,3,4,4,3,3,4,4,3,2,3,2,2,1,1,2,2,1,2,3,1,2,2,2,2,2,2,1,1,3,3,2,3,2,1,2,2,2,1,1,1,1,1,2,1,1,1,1,1,1,2,1,1,1,1,1,1,1,1,0,0,1,0,1,1,1,0,4,0,3,2,0,0,0,4,1,4,4,4,1,0,2,1,2,2,2,4,2,2,1,1,1,0,1,1,3,3,0,1,2,0,0,0,1,1,0,0,1,4,2,3,3,0,4,1,4,2,2,1,3,0,0,0,0,2,0,2,2,2,1,0,0,0,0,7,40,120,3,2,4,2,3,4,2,2,2,3,4,2,5,2,5,1,6,4,2,1,1,5,5,1,7,7,2,2,6,6,1,6,1,6,2,1,6,2,3,5,4,4,2,5,5,2,5,5,5,2,6,2,1,2
female,6,85,19,2,2,2,2,3,,2,12,,1,1,2,2,0,3,3,0,1,2,0,0,,100,2,2,2,2,2,2,2,2,2,2,2,2,2,2,2,2,2,2,2,2,2,2,2,2,2,2,2,2,2,2,2,2,2,2,2,2,2,2,2,2,2,2,2,2,2,2,2,2,2,2,2,2,2,2,2,2,2,2,2,2,2,2,2,2,2,2,2,2,2,2,2,2,2,2,2,2,2,2,2,2,2,2,2,2,2,2,2,2,2,2,2,2,2,2,2,2,2,2,2,2,2,2,2,2,2,2,2,2,2,2,2,2,2,2,2,2,2,2,2,2,2,2,2,2,2,2,2,2,2,2,2,2,2,2,2,2,2,2,2,2,2,2,2,2,2,2,2,2,2,2,2,2,2,2,2,2,2,2,2,2,2,2,2,2,2,2,2,2,2,2,2,2,2,2,2,2,2,2,2,2,2,2,2,2,2,2,2,2,2,2,2,2,2,2,2,2,2,2,2,2,2,2,2,2,2,2,2,2,2,2,2,2,2,2,2,2,2,2,2,2,2,2,2,2,2,2,2,2,2,2,2,2,2,2,2,2,2,2,2,2,2,2,2,2,2,2,2,2,2,2,3,1 hour,0,0,5,30 min,480,3,3,3,3,3,3,3,3,3,3,3,3,4,4,4,4,4,4,4,4,4,4,4,4,4,4,4,4,4,4,4,4,4,4,4,4,4,4,4,4,4,4,4,4,4,4,4,4,4,4,4,4,4,2
Female ,8,85,19,1,2,2,2,1,,4,4,,2,0,2,2,0,3,2,1,0,2,1,2,31,,1,0,1,0,0,3,0,0,0,2,0,0,1,3,1,4,0,1,3,1,1,0,2,1,1,0,2,0,2,0,2,3,3,3,4,0,4,2,3,4,3,3,4,0,2,3,1,0,2,0,4,3,3,4,4,3,3,4,0,1,1,1,2,3,1,3,2,2,1,2,3,2,0,0,2,2,1,3,3,1,2,1,2,1,1,1,2,2,2,2,3,2,2,2,1,1,3,3,0,3,1,2,3,3,2,2,3,2,1,2,2,1,2,1,3,2,4,2,2,2,3,3,3,2,2,2,4,1,1,1,1,2,2,3,2,1,1,2,1,2,0,2,0,2,1,1,2,3,1,2,1,3,1,3,2,3,3,4,1,3,2,3,2,2,0,3,3,3,1,2,1,2,3,2,2,3,2,1,0,3,3,3,1,2,0,1,2,3,3,2,2,1,2,1,2,2,1,3,2,1,2,2,2,2,2,2,0,1,1,2,3,2,2,1,3,1,0,0,2,3,1,0,2,2,1,0,0,2,2,2,2,2,0,1,0,0,0,0,1,1,1,0,0,0,2,0,0,1,1,1,3,6,4,300,5,500,1080,4,3,4,3,3,3,2,4,3,3,4,3,3,6,2,2,5,7,5,4,2,3,2,3,3,2,3,4,6,3,2,4,6,2,5,3,3,6,4,3,3,2,2,3,6,3,2,3,4,5,5,4,5,1
Female,10,75,20,1,1,1,2,3,,4,4,,2,3,1,2,0,3,1,0,1,1,0,0,5,,1,1,2,1,0,2,1,3,1,1,0,4,0,1,3,4,4,2,3,4,4,1,3,2,3,2,3,2,1,1,2,2,2,1,0,4,0,1,0,3,0,0,0,3,4,3,4,3,4,0,3,4,3,3,4,4,2,3,0,2,2,0,0,4,1,4,1,3,2,3,3,3,1,1,2,2,1,4,4,3,4,1,0,3,4,2,1,4,4,2,3,3,1,4,4,3,4,0,0,4,1,1,0,4,2,1,2,2,2,4,4,0,3,0,4,4,1,0,0,2,2,3,3,4,1,1,4,3,4,2,2,1,1,1,4,3,3,4,3,4,1,3,0,2,0,3,4,4,4,1,2,0,1,0,0,2,0,1,2,2,3,3,3,3,3,2,3,2,2,2,2,1,1,1,1,3,3,3,3,2,2,0,0,1,0,1,1,2,1,1,2,0,3,1,4,4,0,2,1,0,2,1,0,1,1,1,2,1,3,3,3,2,1,2,2,3,3,2,1,1,1,2,2,3,3,2,1,2,2,1,1,0,2,2,3,2,1,1,1,1,2,2,2,1,3,3,3,2,4,3,5,1 hour,2,30 min,5,1 hour,4 hours,4,3,4,2,2,5,1,1,1,4,3,3,6,5,4,5,5,5,6,6,6,6,4,4,7,7,5,5,7,2,2,4,5,2,2,2,2,2,3,3,6,6,5,5,5,3,3,3,6,6,6,5,5,1
Female,10,75,20,1,2,1,1,2,,3,4,,2,2,2,2,3,4,3,1,1,1,0,0,91,,3,3,1,1,1,2,3,0,3,2,3,0,3,2,2,4,0,3,2,3,0,3,3,1,1,0,3,0,3,1,1,0,0,3,3,0,4,1,3,3,3,3,4,2,1,3,0,0,1,1,2,4,4,4,4,4,2,4,2,2,2,1,0,4,1,3,3,3,1,2,0,2,3,2,2,4,1,2,0,4,3,2,3,1,1,1,2,1,3,0,2,2,2,2,3,1,3,2,3,3,3,0,2,3,4,0,3,3,3,3,2,1,3,0,4,4,3,3,3,3,3,2,3,3,3,2,2,2,2,2,2,2,2,2,2,2,3,1,2,3,3,2,0,4,1,3,3,3,3,1,1,3,2,2,4,2,3,4,1,3,4,3,4,3,3,3,3,4,1,2,2,0,2,2,2,3,3,3,1,1,1,3,1,3,1,1,0,3,2,2,2,1,3,2,3,4,1,3,3,4,3,3,4,4,4,4,3,1,0,2,4,4,4,0,2,3,0,0,1,3,0,4,2,1,1,3,3,1,2,3,0,1,0,1,1,1,1,2,1,1,1,1,1,1,1,0,2,2,2,2,0,0,0,0,7,25,75,3,3,3,3,3,3,2,2,3,3,3,3,7,5,6,5,2,5,6,5,5,2,6,6,6,6,6,2,7,3,6,7,5,1,5,2,2,1,4,2,2,3,3,5,6,6,6,6,7,7,7,7,7,1
Male,6,90,21,1,2,1,1,4,I transferred here this year!! Didn't apply to Laurier originally,5,14,White & Filipino,1,1,1,3,0,4,4,2,4,2,0,0,,,3,4,1,1,3,3,4,2,3,2,2,1,0,2,3,4,1,4,0,4,1,3,2,0,0,0,4,1,3,2,2,3,4,1,2,0,1,3,2,1,2,0,3,4,3,4,2,0,3,0,3,3,3,4,3,3,4,4,1,4,0,2,0,4,1,2,1,2,3,1,3,3,2,0,4,1,0,2,4,4,3,1,0,2,0,0,1,4,4,3,4,2,0,3,2,0,1,4,2,4,2,2,4,4,4,0,4,3,2,1,3,3,2,2,0,1,4,3,3,0,4,0,4,3,0,0,4,1,4,4,2,3,1,4,2,2,1,3,0,4,0,2,0,2,0,4,4,3,2,2,2,2,2,3,0,3,3,2,0,3,3,3,3,4,3,3,4,4,1,3,4,3,4,2,3,0,3,2,3,4,4,4,0,3,4,4,4,0,3,2,2,0,0,1,0,2,1,2,3,1,0,2,1,2,1,3,0,3,1,1,4,3,2,4,3,2,2,0,1,4,0,0,3,0,0,0,0,2,0,0,0,1,0,0,0,0,0,0,0,0,0,0,0,0,1,0,1,1,3,2,1,5,0,0,5,50,360,3,5,4,3,3,4,1,4,3,3,5,3,6,7,3,1,1,6,2,5,6,1,5,2,5,4,1,1,7,2,6,4,4,1,7,5,2,7,7,3,7,7,2,4,4,2,4,2,4,3,3,4,1,3
Fenake ,8.5,90,38,2,2,2,2,1,,4,10,,1,3,2,2,0,0,0,0,2,1,0,0,39,,1,1,1,1,1,3,0,2,0,3,0,1,0,2,1,4,1,0,3,3,3,1,1,1,1,0,0,3,1,0,0,0,0,1,3,1,1,4,1,1,1,1,1,1,2,3,2,1,3,0,1,1,3,3,3,2,3,3,4,1,3,1,1,2,1,1,1,1,3,1,4,1,3,0,4,1,1,1,3,1,1,2,1,1,1,1,2,3,3,4,2,2,1,2,1,2,1,2,2,2,2,3,1,4,3,2,1,1,2,1,1,3,1,3,1,1,3,3,3,1,1,0,1,1,0,0,4,0,4,4,4,4,4,4,4,4,4,4,2,2,0,0,0,0,3,3,3,0,0,2,4,4,0,0,4,4,0,3,0,3,3,3,3,3,3,3,3,3,3,3,3,3,3,3,3,3,4,3,0,0,0,0,0,0,0,0,2,0,0,0,0,0,0,0,3,0,2,4,4,0,0,0,0,0,2,2,2,2,2,2,2,2,0,1,1,1,2,0,1,1,1,1,1,0,0,3,0,0,2,2,0,0,0,0,0,0,0,0,0,0,0,0,0,0,0,0,0,0,0,0,2,10- 30 min ,Non e ,None ,3,20,No idea. ,4,4,4,4,4,4,1,4,1,3,3,3,1,3,5,1,4,6,1,3,6,1,3,1,1,4,1,3,7,1,3,1,1,1,3,7,1,4,4,1,1,7,3,2,1,1,1,1,1,4,3,1,1,1
Femal,10,75,19,1,2,1,1,1,,4,3,,2,2,2,2,0,2,2,0,1,3,0,0,,,0,1,1,0,0,1,0,2,0,1,0,1,3,3,0,4,0,0,4,0,0,0,0,3,0,0,0,0,0,0,2,3,1,4,4,0,4,2,4,4,4,4,4,0,0,0,0,0,0,0,4,4,4,4,4,4,4,4,0,0,0,0,0,4,0,2,2,4,0,1,1,4,0,3,4,3,0,4,0,4,3,0,4,4,3,0,4,0,1,0,4,4,4,4,3,0,4,3,0,1,2,1,2,0,3,4,4,0,0,4,4,0,4,0,4,4,0,0,0,0,2,2,2,1,0,0,4,0,0,2,1,0,0,2,3,2,0,4,0,4,0,3,0,2,0,3,4,3,2,0,0,4,0,3,3,1,1,2,0,3,4,4,3,2,2,2,3,4,1,0,0,0,0,4,4,4,3,0,2,2,3,4,0,0,0,0,0,0,2,1,3,1,3,4,4,4,0,0,0,3,3,4,4,4,4,4,0,0,0,4,4,4,0,0,4,4,1,0,4,4,0,0,4,0,0,0,3,0,1,0,0,0,0,0,0,0,0,0,1,0,0,0,0,3,0,0,3,3,1,3,3,60 mins,3,30,7,45,240 mins,1,2,2,5,5,1,4,1,5,5,1,5,6,6,1,7,7,7,2,4,1,4,1,7,2,1,7,7,3,1,6,5,7,1,5,1,6,5,1,5,3,1,6,1,6,1,5,1,6,6,7,6,6,3
Female,6,90,22,2,2,2,2,2,,4,12,,1,2,1,1,1,3,1,0,1,1,0,0,,100,2,2,1,0,2,3,3,3,3,3,3,1,0,2,4,4,2,4,2,2,0,1,0,2,0,1,2,0,3,3,3,4,2,2,2,1,0,3,2,2,2,1,3,4,3,4,3,1,3,3,2,2,2,2,3,2,2,3,2,3,3,3,2,3,2,2,3,3,3,2,2,2,2,1,2,2,3,3,3,2,1,2,0,2,3,2,2,4,3,2,3,3,1,3,1,2,2,1,2,4,4,2,1,3,4,3,2,2,3,2,2,3,2,4,1,2,4,4,4,1,3,1,2,1,0,0,4,0,4,3,4,3,3,4,2,3,2,3,4,3,1,1,1,2,1,2,3,1,1,3,2,2,2,2,2,3,1,2,1,2,3,1,2,3,1,3,3,3,3,3,4,2,3,2,2,2,3,3,1,3,3,2,1,3,4,1,4,3,3,3,3,1,4,2,3,2,1,0,4,1,2,2,2,0,2,2,4,3,0,1,3,2,0,3,2,4,3,0,2,4,1,2,2,1,3,2,1,1,1,0,0,1,0,0,3,0,0,0,1,0,1,0,0,0,1,0,3,2,3,2,0,0,2,60,7,60,240,5,5,5,2,3,5,2,4,3,3,5,2,3,6,2,1,4,6,7,5,6,3,3,2,6,3,2,2,7,6,7,3,5,3,4,6,1,2,7,4,5,6,1,6,7,2,4,5,3,4,2,1,3,2
Trans male,10.85,95,20,1,2,2,2,1,,4,6,,1,1,2,2,0,0,3,0,4,2,0,0,,100,1,2,0,0,1,3,3,1,0,4,4,0,1,2,1,4,3,4,3,4,1,3,0,0,0,0,0,0,0,0,3,0,1,2,2,0,1,3,2,3,1,0,1,3,3,4,2,2,4,0,3,4,4,3,4,4,3,4,1,2,1,1,0,4,0,2,1,4,4,1,3,3,1,2,2,1,0,4,4,2,1,1,2,2,2,1,4,3,3,3,4,3,3,4,1,1,3,3,2,3,4,3,1,3,1,0,1,3,3,2,4,3,3,3,1,1,3,2,4,0,2,0,1,1,0,0,3,0,1,4,2,3,3,4,0,1,1,2,0,0,0,0,2,1,2,0,0,0,0,4,4,4,0,3,4,3,1,3,0,4,4,1,2,4,1,1,1,2,0,3,0,2,3,4,4,1,2,2,1,2,2,3,0,3,0,3,4,0,2,2,4,1,3,4,3,1,1,1,0,0,2,0,0,1,0,1,2,4,0,2,0,4,1,4,3,4,4,0,1,2,0,1,0,0,0,0,0,1,4,4,0,0,3,0,0,0,0,1,0,0,0,0,1,0,1,0,3,3,4,3,0,0,0,0,7,60,480,5,5,5,4,4,1,2,5,3,3,4,3,1,5,2,3,1,6,1,5,7,3,5,2,7,2,1,1,5,3,7,1,6,2,5,7,7,6,3,2,7,7,2,6,7,5,3,6,1,1,1,5,6,2
female,10,80,20,1,2,1,2,1,,1,14,Caucasian/Indian ,2,3,2,2,0,3,2,0,1,0,0,0,,,1,0,0,0,0,2,3,1,0,3,0,0,0,3,3,4,0,0,4,0,0,2,1,3,2,2,2,0,3,2,3,3,3,3,4,0,4,1,4,4,4,3,4,0,1,2,0,0,2,1,4,4,4,4,4,4,3,3,1,2,1,0,0,4,0,2,3,4,1,2,3,4,0,0,3,2,1,4,3,3,2,0,0,4,2,0,4,2,3,3,4,4,1,4,2,0,4,4,0,4,4,3,4,4,3,1,4,1,1,3,3,1,4,1,3,3,2,2,1,2,4,4,4,3,3,1,4,3,2,3,2,0,1,4,4,4,4,4,4,4,2,3,2,2,0,0,2,2,3,3,3,2,3,1,2,1,0,1,2,4,4,3,2,1,2,3,3,4,2,4,1,0,2,4,4,2,2,1,1,3,3,3,0,3,0,1,2,1,3,1,4,2,3,1,4,4,1,2,2,2,1,4,4,4,3,3,2,4,0,4,4,4,1,1,4,3,1,0,4,4,0,0,4,1,0,0,0,1,1,1,3,3,2,1,1,0,0,0,0,0,0,0,0,0,1,0,3,4,3,2,5,120 minutes,3,30 minutes ,7,30 minutes ,480 minutes,1,4,5,2,2,3,2,4,3,2,4,4,4,7,1,1,3,7,6,5,4,5,3,6,2,1,3,2,7,1,6,4,7,1,4,3,3,5,5,5,4,5,6,6,7,5,7,5,6,7,7,7,6,3
Female,10,75,40,1,2,1,1,1,,4,4,,2,1,2,1,0,2,1,1,1,4,1,4,,,2,2,3,2,3,2,0,3,0,2,0,1,1,3,1,4,2,0,2,2,0,1,1,1,0,0,1,0,1,0,0,1,3,2,3,1,3,2,2,3,3,4,4,1,1,3,2,1,2,0,4,4,4,4,3,4,4,4,1,2,1,0,1,4,0,3,2,3,1,2,1,3,1,2,4,2,1,3,2,2,3,1,2,3,4,1,2,1,2,1,3,2,3,3,2,1,3,2,1,2,2,2,3,2,3,1,2,3,3,4,4,1,4,0,3,3,1,0,0,1,1,3,2,2,1,1,3,1,0,2,3,1,1,1,2,2,0,3,1,4,0,3,1,2,0,2,3,3,3,1,0,3,0,2,3,3,1,3,0,3,4,3,2,2,1,3,2,3,2,2,0,1,2,3,3,2,3,2,1,3,2,3,1,3,0,0,1,2,4,0,3,3,3,0,4,3,0,2,1,3,2,3,3,3,3,3,0,1,1,3,3,3,2,0,3,4,0,0,3,4,0,0,3,1,0,2,0,1,0,0,2,1,0,1,1,0,1,0,0,0,0,0,0,0,1,2,3,4,3,3,1,3-,2,30,7,60,480,3,2,2,4,4,2,4,2,3,4,2,4,5,6,3,4,2,6,3,4,5,7,5,6,6,3,4,2,4,2,5,4,6,1,3,2,2,6,3,5,2,1,1,3,4,2,2,2,5,5,6,4,4,3
Female ,7,60,20,1,2,1,2,4,"I did not have a top choice, I toured schools and liked LAurier the best!",3,4,,2,2,2,2,0,4,3,3,0,3,0,0,66,,2,2,2,1,1,2,3,0,1,3,1,0,3,1,1,4,0,3,3,2,4,0,4,2,0,0,4,4,3,0,4,4,4,3,4,0,4,1,4,4,2,3,4,1,2,3,1,0,2,2,2,3,3,4,4,4,4,4,1,2,3,1,1,4,0,4,0,4,0,2,1,3,0,0,4,3,0,4,4,1,4,3,0,2,2,0,2,3,3,1,3,4,1,4,4,0,2,4,1,0,4,0,4,4,3,0,4,4,2,4,3,1,4,1,3,2,3,2,2,1,3,3,3,4,1,0,4,2,2,1,0,0,2,3,2,4,1,3,1,2,0,3,1,4,0,3,4,4,1,1,2,3,0,4,4,2,0,3,0,4,4,1,3,2,0,4,4,3,1,4,3,2,2,2,4,2,2,1,0,4,4,4,2,4,2,1,2,2,3,2,4,1,1,0,4,3,2,1,2,2,4,3,4,4,3,3,0,1,0,2,3,3,2,1,3,2,0,0,2,3,0,1,3,2,0,0,1,1,1,3,4,2,0,4,2,0,1,0,3,2,0,0,0,1,2,1,2,4,0,3,2,45 minutes ,04-Mar,1.5-2.5 hours ,7,4 hours ,3-4 hours ,3,4,4,4,3,5,2,5,3,4,2,2,7,7,3,1,6,7,3,4,3,5,5,2,3,4,2,2,7,2,4,5,6,2,3,2,2,7,7,5,5,2,3,4,7,5,5,4,5,7,6,5,7,1
Female,5.81,70,21,1,2,1,1,2,,4,4,,2,0,1,2,0,4,3,1,4,2,0,3,14,,3,4,3,2,4,4,3,1,0,4,1,0,3,3,2,4,1,4,2,1,1,0,3,3,0,1,3,0,4,1,3,3,4,3,3,1,3,2,2,2,2,3,3,3,2,4,1,1,3,0,3,4,4,3,4,4,4,4,0,3,0,0,0,4,1,4,2,3,2,2,3,3,1,1,4,2,0,3,3,2,1,2,1,2,2,2,3,4,3,4,4,3,1,3,2,2,3,2,3,4,4,3,2,3,2,0,2,3,3,2,2,3,3,2,1,1,4,2,3,0,3,0,3,4,1,2,3,0,2,3,3,2,1,2,2,1,1,3,3,3,0,2,2,3,1,3,4,1,2,1,1,3,1,3,2,3,1,2,0,3,2,3,4,4,0,3,3,2,3,4,1,2,4,3,4,1,2,2,0,4,3,4,0,3,1,1,3,3,2,4,4,1,2,3,3,1,3,4,3,1,1,2,1,1,2,2,2,3,2,3,4,3,1,1,1,2,0,0,1,4,0,1,1,2,0,1,0,1,0,0,0,2,0,1,1,0,0,0,1,0,0,0,0,0,2,1,3,2,4,2,1,60,2,120,7,60,600,4,5,5,3,3,4,2,4,2,3,4,2,4,5,3,3,1,6,4,5,7,3,6,3,4,2,2,2,7,3,5,3,5,4,6,5,2,5,7,5,3,5,4,4,6,6,5,4,3,3,3,4,4,1
Male,7,75,21,2,2,2,2,2,,4,2,,1,4,2,2,0,0,4,0,3,0,0,1,,,1,2,2,0,1,0,0,0,0,0,0,1,4,2,0,4,0,3,4,1,4,4,4,1,2,2,1,3,2,1,2,2,3,3,4,0,4,3,2,2,2,2,3,1,0,1,0,0,1,0,4,4,4,4,4,4,4,4,0,4,0,0,0,4,0,2,2,4,0,2,4,3,2,2,3,1,2,4,1,2,1,1,3,3,2,1,4,2,0,3,3,4,2,3,1,1,4,2,1,4,4,4,2,3,4,4,2,2,0,4,4,0,3,0,3,2,1,2,2,1,3,1,3,2,1,1,4,1,3,4,2,1,0,3,1,3,1,4,1,4,0,2,0,1,0,1,4,2,2,0,0,4,0,4,4,2,2,4,0,4,4,1,4,4,3,0,1,4,1,0,0,0,2,3,4,1,2,4,3,1,1,4,1,2,0,3,0,2,3,0,4,3,3,1,4,3,1,1,1,2,4,2,4,2,4,3,0,1,2,3,4,4,0,0,1,3,0,0,3,4,0,0,4,0,0,2,4,0,0,0,2,2,0,3,1,0,0,0,1,0,0,0,0,0,3,3,4,4,1,4,2,20,2,20,7,120,600,5,5,5,4,2,4,3,3,4,5,5,2,2,6,3,4,7,7,2,7,1,4,3,7,5,4,6,2,6,2,5,3,7,2,4,1,2,3,1,4,7,3,1,3,3,6,3,4,4,7,4,3,7,3
Female,10,80,20,1,1,2,1,2,,5,14,Japanese and Vietnamese,1,0,2,2,0,4,4,1,3,2,0,0,,100,3,1,1,2,0,2,2,0,0,3,0,0,4,4,2,4,1,2,2,3,1,2,1,0,0,0,1,0,2,1,3,2,3,2,3,0,3,1,2,2,2,1,3,2,2,2,1,0,2,0,3,4,4,4,4,4,4,4,0,2,0,0,0,4,0,2,0,3,0,2,2,4,2,2,3,0,2,4,2,4,1,3,2,1,2,0,2,3,1,2,4,3,1,3,2,0,4,4,2,1,2,2,4,3,4,3,3,2,4,4,4,0,4,2,3,3,2,2,0,0,1,0,2,2,0,0,2,0,3,3,4,0,1,2,1,0,1,2,0,3,0,0,0,2,1,3,3,0,1,0,0,3,2,1,3,4,0,4,0,3,3,3,4,4,0,3,3,2,0,4,0,0,0,4,2,4,4,2,0,4,4,3,0,2,0,0,0,4,2,2,3,3,3,3,4,4,1,2,1,2,3,3,4,4,4,3,0,1,0,3,4,4,3,1,4,3,0,0,3,4,1,0,3,0,0,2,1,0,1,0,1,0,2,0,1,0,0,0,0,1,0,0,0,0,0,0,2,3,1,3,0,0,1,45,5,30,60,2,3,2,3,4,1,4,1,4,2,3,4,4,7,4,4,5,7,2,4,7,2,6,4,5,3,5,3,2,1,7,2,7,2,4,1,3,5,6,4,4,2,4,2,5,1,5,1,5,6,6,6,6,2
Female,3.7,96,23,1,2,1,2,1,,4,4,,2,1,2,3,0,4,3,2,1,1,0,0,,49,2,2,3,1,3,4,4,0,0,4,1,1,0,1,0,4,0,4,2,3,1,2,1,0,0,0,1,1,4,1,3,0,4,4,4,0,4,0,3,3,4,4,4,0,3,3,2,0,2,2,2,3,3,4,3,4,4,4,1,4,1,1,0,3,1,3,1,3,3,2,3,4,2,1,4,2,0,4,2,4,4,3,1,2,1,2,3,2,4,2,4,2,3,3,3,0,2,4,4,4,4,1,4,4,4,0,3,4,3,2,2,3,2,2,2,1,4,4,4,1,4,0,3,1,0,1,2,0,3,1,2,4,3,4,3,2,3,2,1,3,0,3,1,3,1,2,3,3,1,3,3,3,2,0,0,3,2,2,0,2,1,2,2,3,1,4,3,0,3,4,4,2,4,2,3,2,3,1,1,4,3,2,2,3,3,1,4,3,0,4,2,0,1,4,1,2,1,4,3,1,1,2,2,2,2,2,1,3,2,1,2,2,1,1,3,4,0,0,1,4,0,0,1,1,0,0,0,3,1,0,0,4,0,0,2,0,0,0,0,0,0,0,0,0,3,0,1,4,0,4,4,1.5 hours,6,1 hours,3,1 hour,2 hours ,5,5,5,4,2,5,1,4,3,3,3,3,5,7,5,3,2,7,3,4,7,6,5,3,4,4,2,1,7,2,7,4,5,1,4,6,2,7,6,5,3,5,3,4,7,6,3,4,4,5,5,3,2,2
Female,7,75,23,2,2,2,1,2,,4,3,,1,3,1,2,0,4,4,0,1,3,0,0,,96,,,,,,,,,,,,,,,,,,,,,,,,,,,,,,,,,,,,,,,,,,,,,,,,,,,,,,,,,,,,,,,,,,,,,,,,,,,,,,,,,,,,,,,,,,,,,,,,,,,,,,,,,,,,,,,,,,,,,,,,,,,,,,,,,,,,,,,,,,,,,,,,,,,,,,,,,,,,,,,,,,,,,,,,,,,,,,,,,,,,,,,,,,,,,,,,,,,,,,,,,,,,,,,,,,,,,,,,,,,,,,,,,,,,,,,,,,,,,,,,,,,,,,,,,,,,,,,,,,,,,,,,,,,,,,,,,,,,,,,,,,,,,,,,,,,,,,,,,,,,,,,,,,,,,,,2
Male,11.9,95,19,1,2,1,2,1,,4,6,,1,0,2,2,0,0,4,0,4,0,0,1,,,2,3,3,2,2,4,3,0,1,4,1,1,2,4,1,4,0,2,3,2,2,1,3,0,1,1,2,1,2,1,3,2,2,4,4,0,4,0,3,3,3,3,3,1,2,3,2,1,2,1,3,4,4,4,4,4,4,4,1,2,2,1,2,4,1,4,1,3,1,3,0,4,2,4,4,4,0,4,1,1,3,2,3,3,3,0,4,1,2,1,4,1,4,3,4,1,3,4,3,2,3,0,4,1,1,1,4,4,1,4,4,1,4,1,4,4,2,3,3,0,1,0,2,0,0,0,1,0,1,1,1,1,2,1,4,3,2,3,2,3,0,3,3,4,3,2,2,3,3,2,2,2,1,2,2,2,2,2,0,3,3,1,3,3,0,4,4,1,2,4,0,2,2,2,2,1,1,3,0,4,4,2,0,3,0,0,1,4,3,2,3,3,3,1,3,4,1,1,0,4,2,3,4,4,3,3,1,0,0,2,3,3,3,1,3,1,0,0,2,4,0,0,1,0,2,2,0,0,1,1,0,2,1,0,0,0,0,0,0,0,0,0,0,0,1,1,2,2,2,3,1,60,2,120,7,180,720,5,5,5,4,3,5,2,3,3,2,5,3,7,7,5,7,3,6,2,2,5,5,5,5,2,5,7,3,3,2,3,6,7,2,3,2,4,7,3,4,4,4,1,5,6,5,6,5,7,7,6,7,5,3
Woman ,7.95,70,20,1,2,1,1,2,,4,4,,2,0,2,2,2,3,4,1,2,2,0,0,13,,1,2,3,2,2,2,3,3,3,2,4,4,2,3,3,4,3,4,0,3,2,0,3,3,4,3,3,3,3,4,2,4,3,3,3,1,2,2,4,3,2,2,3,2,2,2,3,2,1,1,2,2,4,2,2,3,4,4,3,4,3,3,2,4,2,3,1,3,3,3,3,2,3,3,2,3,3,4,4,3,4,2,3,4,2,4,3,2,3,3,3,4,3,3,3,3,4,3,2,3,3,1,3,4,3,3,4,3,2,3,4,3,4,3,4,2,3,2,3,3,4,1,4,4,2,3,2,2,3,2,4,2,3,2,2,3,3,2,2,2,2,3,4,3,3,3,4,4,2,4,1,2,2,3,2,2,1,3,0,2,4,2,3,0,,4,3,1,3,4,0,2,3,3,4,3,3,2,0,3,3,3,0,0,0,0,0,4,2,3,2,4,3,3,0,3,2,2,2,2,3,2,3,3,2,4,4,2,3,3,2,4,3,2,3,2,3,0,3,2,3,3,2,1,2,3,1,3,2,0,1,3,1,1,0,3,0,1,0,0,0,0,2,3,0,4,1,3,2,3,3,150,N/A,150,6,300,240,5,4,3,4,2,4,5,3,5,5,3,4,6,7,4,4,6,5,2,5,5,2,5,5,2,5,1,2,6,5,5,7,6,2,5,4,5,5,5,5,2,5,5,6,5,5,1,5,5,6,5,5,6,1
Female ,7.63,70,19,2,2,2,2,3,,5,12,,1,3,2,3,1,4,3,0,1,2,0,0,,100,2,3,4,0,1,3,4,4,0,3,1,3,0,2,0,4,4,4,4,4,4,4,2,1,0,2,0,2,4,3,3,4,4,1,2,0,4,3,1,2,1,1,3,4,4,4,3,0,4,3,2,4,2,4,2,2,1,2,4,0,1,3,1,2,3,2,2,1,4,1,4,4,0,0,3,1,0,3,4,4,1,1,0,0,0,2,3,4,2,4,4,3,2,4,0,0,4,4,4,4,4,4,2,4,1,2,1,4,2,4,4,2,3,4,1,1,3,3,2,3,4,1,4,4,3,3,4,1,4,0,4,4,4,4,0,2,4,3,2,1,0,0,0,1,0,1,2,1,0,4,4,4,4,4,3,4,1,4,0,3,4,0,4,4,2,3,4,0,3,3,0,0,2,3,3,0,3,4,2,4,4,4,0,4,0,1,0,4,0,4,3,0,3,4,4,1,2,3,4,2,0,2,3,2,2,2,2,4,0,1,3,3,3,4,4,1,4,0,2,4,0,1,3,4,2,0,4,4,4,3,4,4,4,4,2,3,3,3,0,2,0,0,0,3,3,0,2,1,4,1,0,0,0,0,3,26,220,5,5,5,1,3,4,1,5,2,2,5,2,2,7,6,2,5,7,5,7,5,2,7,2,7,5,1,3,7,4,7,2,7,3,5,7,7,5,6,3,7,6,6,7,6,2,6,5,3,6,4,3,1,2
Female,9.17,75,19,2,1,1,2,2,,4,12,,2,2,1,2,0,2,1,0,1,2,0,0,,,3,4,2,3,2,4,2,3,1,3,1,1,2,3,3,4,2,1,3,2,0,0,1,2,2,1,2,1,2,1,2,1,2,3,3,1,3,2,3,3,1,3,3,2,3,4,2,0,3,0,4,4,4,3,4,4,4,4,1,2,1,2,0,4,0,3,3,2,2,2,2,3,3,2,4,2,2,1,3,3,3,3,3,1,2,3,3,4,4,2,4,4,3,3,4,0,2,4,1,1,3,2,3,2,3,0,2,3,4,3,2,2,2,2,2,3,3,3,3,2,3,3,3,3,2,3,4,1,3,2,3,1,1,2,2,1,3,3,3,1,1,2,2,3,1,2,3,2,2,1,0,3,2,2,2,1,2,2,1,4,3,3,3,4,1,4,4,2,4,4,2,3,2,3,2,3,3,4,1,4,4,4,1,3,2,2,2,2,2,4,3,2,4,2,4,3,1,3,2,4,4,4,2,2,2,2,0,2,2,3,4,2,3,1,4,1,0,0,2,4,0,2,2,1,0,0,0,1,1,0,2,3,0,2,1,0,0,0,0,2,0,0,0,0,2,0,3,3,1,2,1,60,0,0,7,120,120,4,4,3,3,3,4,3,2,4,3,2,3,6,6,3,5,2,7,6,3,7,4,5,5,3,5,5,2,3,2,5,4,5,5,5,4,2,5,2,5,5,5,5,3,5,3,3,5,6,4,7,4,6,3
Female,10.5,92,25,1,1,1,2,3,,4,6,,2,1,1,3,0,0,3,1,4,4,0,1,,100,1,1,1,0,0,3,4,1,1,4,2,1,0,4,3,4,1,4,3,4,0,2,3,1,1,0,3,0,3,1,2,2,3,2,2,2,1,3,1,1,2,0,1,3,3,4,2,2,4,3,1,1,1,2,1,1,0,1,3,2,3,3,1,1,3,1,2,3,3,3,4,3,1,0,3,1,0,4,3,1,2,0,1,1,0,2,4,3,4,3,2,2,1,4,0,1,2,2,2,4,3,3,3,4,3,2,2,0,2,3,3,2,3,1,2,1,3,2,2,0,1,0,1,2,1,0,2,1,3,4,4,2,2,4,3,3,4,4,2,3,1,3,1,4,1,4,4,3,2,1,1,3,0,2,3,4,4,4,1,3,3,2,3,1,2,2,2,3,2,1,4,1,3,3,3,2,4,1,2,3,3,4,0,1,4,1,2,2,3,1,2,2,3,1,4,2,1,4,4,1,2,2,1,2,3,2,4,3,2,4,4,2,2,2,1,2,3,0,2,4,0,1,2,0,0,3,0,0,2,1,0,0,0,0,0,0,0,0,0,0,0,0,0,0,0,3,3,4,2,3,0,0,4,90 mins,6,60,360,4,5,5,3,1,4,2,4,2,4,5,3,2,6,3,1,1,6,3,7,7,2,3,3,4,5,2,1,6,3,5,2,6,2,5,5,2,5,6,5,4,5,3,5,5,2,4,3,3,3,5,5,3,2
Male,9,90,20,2,2,1,2,3,,2,12,,1,2,1,1,0,1,1,0,1,1,0,0,,100,2,2,3,2,2,2,1,3,1,3,0,1,1,0,1,4,1,4,0,0,4,4,1,0,0,0,4,0,4,0,0,0,0,2,3,0,2,1,2,3,2,2,2,2,1,4,2,0,1,0,2,3,4,4,4,4,4,4,2,3,0,3,1,0,0,1,2,3,4,2,2,2,2,3,3,1,1,3,4,4,1,2,2,3,2,3,0,2,4,1,2,1,1,3,3,1,4,4,3,4,4,4,0,4,4,0,2,3,4,2,2,3,2,4,1,0,2,4,4,2,4,1,4,4,1,2,2,2,2,2,2,2,2,2,2,2,2,2,2,2,2,2,2,2,2,2,2,2,2,2,2,0,0,3,3,0,4,4,0,3,4,1,2,3,0,3,3,3,4,4,4,2,4,3,4,4,3,1,2,4,3,0,0,3,4,3,4,2,3,4,4,0,3,1,4,1,3,4,0,1,0,0,1,0,2,2,2,2,2,2,2,2,2,2,2,2,2,2,2,2,2,2,2,0,0,0,0,0,0,0,1,0,0,4,0,0,0,0,0,0,0,0,0,0,0,0,2,2,4,1,5,75,5,60,7,60,400,3,3,3,3,3,3,3,3,3,3,3,3,4,4,4,4,4,4,4,4,4,4,4,4,4,4,4,4,4,4,4,4,4,4,4,4,4,4,4,4,4,4,4,4,4,4,4,4,4,4,4,4,4,2
Female,9.22,85,19,1,2,2,2,1,,4,10,,1,3,2,2,0,3,3,0,0,3,0,0,11,,3,3,3,2,2,3,1,1,0,3,0,0,2,3,1,4,0,1,3,2,2,2,3,0,2,3,3,3,3,1,3,3,3,3,3,0,3,2,2,2,2,2,3,0,1,1,0,0,1,0,3,3,3,3,3,3,3,3,0,3,1,1,0,3,0,3,0,3,0,3,1,3,0,2,3,3,0,3,1,2,3,0,2,1,3,0,3,2,3,2,3,3,2,3,3,0,3,3,1,3,3,0,3,3,3,1,3,1,1,3,3,0,2,1,3,3,0,0,0,3,4,3,4,3,1,1,4,1,4,3,3,1,1,2,2,1,2,2,0,2,0,4,0,4,0,2,3,2,2,1,1,4,0,4,4,0,2,4,0,3,3,3,3,3,3,3,3,1,1,2,0,2,1,3,3,3,3,3,3,3,3,3,1,3,0,1,2,3,2,2,3,2,3,2,3,3,1,1,1,3,2,3,3,3,2,3,0,2,1,2,3,3,1,1,3,3,0,0,1,3,0,0,1,0,0,0,0,0,1,0,1,0,0,0,0,0,0,0,0,0,0,0,0,0,0,0,2,3,2,2,0,N/A,3,30,7,30,160,4,4,4,3,3,3,3,1,3,3,3,3,7,7,2,4,4,7,1,3,5,5,5,5,4,2,3,3,5,1,6,5,5,1,2,1,1,7,5,5,5,2,2,2,6,3,6,2,5,5,5,5,5,1
Woman,8,80,21,1,2,1,2,2,,4,4,,2,1,2,2,0,3,2,0,1,0,0,0,,80,3,2,2,2,2,1,2,1,0,1,0,1,3,2,0,4,1,2,3,1,0,0,3,0,0,0,3,1,3,0,0,3,4,3,3,2,3,1,3,2,3,2,2,3,3,3,2,2,2,2,3,2,2,3,3,3,3,3,3,3,2,2,1,3,2,1,3,3,1,3,3,4,2,3,4,1,0,4,2,3,3,2,2,1,1,1,2,1,3,3,3,3,3,3,2,2,3,4,2,2,2,3,1,1,3,3,3,2,2,4,3,2,4,2,3,4,2,2,1,3,3,0,3,1,0,1,3,1,2,2,3,1,1,2,3,3,0,3,1,3,0,2,0,2,0,3,3,3,2,0,1,3,0,1,2,3,3,2,0,3,3,3,3,3,4,1,1,2,1,2,1,0,1,3,4,4,4,4,2,2,2,3,0,2,1,0,2,1,3,1,3,2,4,2,3,4,0,1,2,3,2,4,4,4,4,3,3,1,2,2,4,3,1,0,3,2,0,0,3,4,0,0,4,2,1,2,0,1,3,1,2,1,0,1,0,0,0,0,0,0,0,0,0,0,0,0,1,2,0,2,2,120,3,60,7,40,60,5,4,5,5,5,4,3,4,5,5,4,3,3,7,4,5,2,5,4,5,5,5,2,5,2,3,6,3,4,2,6,4,6,1,4,4,2,5,4,4,1,1,1,5,5,5,5,4,6,6,7,6,4,2
Female,10,70,19,1,2,1,2,1,,4,4,,1,2,2,2,0,2,2,0,1,3,0,0,,,0,0,0,0,0,4,1,0,0,4,0,0,3,3,2,4,0,0,2,1,0,0,4,1,2,0,3,1,4,0,3,2,4,4,4,0,4,0,3,3,3,4,4,0,2,0,1,0,0,1,3,3,3,3,4,4,4,3,0,3,1,0,2,3,1,4,2,3,2,3,1,3,1,1,3,3,0,4,2,3,3,1,1,2,2,1,4,3,4,1,3,3,1,4,4,1,4,4,0,3,3,1,3,3,3,0,3,3,2,4,4,0,4,0,3,3,0,2,0,1,2,1,2,1,2,1,3,1,1,1,1,1,1,2,1,2,0,4,4,4,2,3,0,3,0,3,3,3,2,2,2,4,1,4,3,1,2,3,0,4,4,3,4,4,3,4,4,4,3,3,1,2,2,3,4,3,4,4,2,3,3,4,0,4,0,0,2,2,4,2,4,2,3,1,4,4,1,2,0,3,3,3,3,3,3,3,0,2,0,3,3,3,0,0,3,3,0,0,4,4,4,0,4,2,0,3,0,1,4,4,2,0,0,4,2,0,4,4,0,0,0,0,0,0,0,0,2,1,3,3,2,maybe 60,1,20,7,30,100+,3,3,3,4,4,2,4,5,3,4,4,3,7,7,1,3,1,6,6,4,5,4,5,6,6,3,3,2,4,4,5,6,6,2,4,5,1,4,5,5,3,2,3,4,5,4,2,2,6,5,6,6,6,3
Female,7,70,20,1,1,1,1,3,,2,14,Caucasian and Latin American,1,1,1,2,0,0,1,1,0,3,0,0,63,,1,1,1,1,1,3,3,2,0,3,0,2,0,2,2,4,3,3,3,4,1,2,3,2,4,2,3,1,3,0,3,3,3,1,2,3,2,4,2,2,1,1,2,3,3,2,2,2,2,3,4,4,4,4,4,4,3,4,1,4,1,1,1,4,0,3,2,3,2,2,2,1,1,2,2,2,1,3,2,2,3,2,1,2,1,1,3,3,3,3,4,3,3,4,2,1,2,3,0,3,2,2,2,4,3,2,3,3,1,2,2,1,2,2,2,2,2,3,1,1,2,0,4,3,1,1,3,1,4,3,3,2,3,3,3,3,3,3,2,3,2,3,2,3,1,2,3,1,3,3,3,2,2,2,2,3,2,1,1,4,4,2,3,3,1,2,2,4,1,3,3,2,3,3,3,2,3,2,2,2,2,4,1,2,3,1,2,3,3,1,3,1,3,0,3,2,0,1,2,1,0,2,1,1,1,1,1,2,0,2,2,2,3,2,3,3,2,0,2,4,0,0,1,1,0,1,2,1,1,1,2,0,0,1,0,0,0,0,2,2,0,0,0,3,0,1,3,3,4,2,1,30,0,0,6,45,5000,4,4,3,3,4,4,3,3,3,4,2,3,4,6,2,5,5,7,4,5,3,3,5,4,3,4,4,5,6,4,6,2,5,5,5,5,5,6,5,3,3,4,5,5,5,3,5,4,4,4,5,5,3,1
male,10,60,21,1,2,1,1,1,,4,4,,2,1,1,2,0,1,4,0,4,2,0,4,,100,0,0,2,0,0,4,2,0,1,4,2,3,1,4,1,4,1,0,4,4,4,1,4,1,0,0,4,1,4,3,3,4,4,4,4,0,4,2,4,3,4,2,4,1,2,2,0,0,1,1,1,2,2,3,2,1,1,3,3,2,3,0,0,3,0,4,2,4,1,3,2,4,0,2,3,3,0,4,2,1,3,0,2,2,2,0,3,3,2,2,3,4,2,3,4,0,4,3,0,4,3,1,3,2,2,0,3,1,4,4,4,1,4,0,3,4,0,1,0,2,4,2,4,4,2,1,4,1,3,2,3,3,3,4,3,2,2,4,1,4,0,2,0,4,0,4,4,3,2,2,3,4,0,4,4,2,4,2,0,3,3,1,2,4,0,3,3,3,4,2,3,0,1,2,2,0,3,4,0,3,3,2,0,4,3,0,1,1,4,1,4,3,2,0,4,2,3,2,0,3,3,4,3,3,4,3,1,1,0,4,4,4,2,0,4,2,0,0,4,3,0,0,3,1,0,1,4,1,1,0,4,1,2,4,1,0,0,1,0,2,0,0,0,4,0,3,2,3,4,3,7,about 90 minutes a day,5,100,7,60,180,1,3,3,4,2,1,3,2,3,2,4,3,6,7,1,3,1,7,3,3,6,5,2,6,1,2,5,2,7,1,5,7,7,1,3,3,1,6,3,5,4,2,2,3,6,1,5,3,6,6,6,6,7,2
Female,8.11,70,20,1,1,2,2,2,,5,4,,2,4,2,2,0,4,4,0,1,0,0,0,,,2,2,2,2,2,2,2,2,2,2,2,2,2,2,2,4,1,3,0,0,2,2,1,3,1,1,2,2,2,1,2,3,2,3,2,0,3,2,2,2,2,2,3,2,2,2,2,2,2,2,1,2,2,2,2,3,2,3,3,2,2,1,1,1,1,3,2,1,2,2,2,1,1,2,2,2,2,2,0,2,2,1,2,2,2,1,1,2,2,3,2,3,3,2,1,2,2,2,2,2,3,3,2,2,2,2,2,3,3,3,2,1,2,2,3,2,2,3,2,3,3,4,3,3,3,3,3,4,4,3,4,4,4,2,4,4,2,4,4,3,3,4,3,0,3,3,2,0,0,2,3,4,3,3,4,3,3,3,2,4,3,2,3,3,3,2,2,3,3,3,0,0,3,3,3,3,3,3,3,3,4,3,4,4,0,1,2,3,2,3,3,3,2,3,3,2,3,2,2,3,3,3,3,3,4,3,4,4,3,3,3,3,3,3,3,3,1,0,3,3,2,1,2,3,3,3,3,4,3,4,4,4,3,3,3,3,3,3,3,3,3,4,3,3,3,3,1,1,1,1,1,5hrs,4 days,30mins,7 days,120mins,480mins,4,3,3,3,4,4,3,3,3,4,3,4,4,5,4,3,5,5,4,5,5,5,6,5,5,6,4,4,7,2,4,5,5,2,2,3,3,2,2,3,6,5,5,5,5,4,5,5,6,5,5,4,6,3
Male,8,85,21,2,1,2,2,3,,1,12,,1,2,2,2,0,0,3,0,3,0,0,0,4,,2,2,3,2,2,3,2,3,2,2,1,2,2,3,2,4,3,2,3,3,3,3,2,3,1,0,2,4,2,2,4,3,3,2,3,2,3,2,2,2,2,2,3,3,2,3,3,3,3,2,1,3,3,3,1,3,3,1,1,2,2,1,0,2,0,2,1,3,3,2,3,3,3,2,4,4,1,3,3,3,1,3,3,3,1,1,3,2,1,3,2,3,3,3,3,1,2,3,3,3,4,3,1,2,3,2,3,3,1,3,3,0,3,0,3,2,3,0,0,0,3,3,3,2,2,1,3,2,2,2,2,1,1,2,2,3,3,3,1,3,0,3,0,3,0,3,3,2,3,1,3,3,3,1,3,2,3,2,0,3,4,3,3,4,2,1,2,3,0,0,0,1,3,3,4,3,2,4,3,1,2,3,0,2,0,3,3,2,3,3,3,2,3,3,3,3,1,2,2,3,0,2,2,3,2,3,1,2,0,1,3,3,3,2,3,2,3,0,3,3,0,0,3,1,0,0,0,1,0,0,1,1,0,1,2,0,0,0,0,0,0,0,0,0,1,2,2,3,4,3,3,90,6,4,10,30,200,4,4,3,4,4,3,3,2,3,4,4,3,4,5,5,5,3,6,3,5,3,4,5,6,2,4,5,5,5,3,6,6,6,3,4,3,2,4,3,5,5,4,6,6,5,6,6,6,6,5,5,5,2,1
Female,8.5,70,19,1,2,1,2,1,,4,4,,2,0,1,2,0,4,4,0,1,4,0,0,,17,2,2,2,1,2,4,4,1,1,3,2,3,0,2,2,4,2,4,4,3,0,1,2,0,1,2,2,0,2,0,3,2,4,3,3,0,3,1,4,3,3,4,4,1,1,2,1,2,1,1,3,4,4,4,4,4,4,4,1,3,1,1,0,4,2,2,3,3,2,1,1,2,2,1,4,1,3,3,2,3,1,2,1,2,1,2,3,4,3,2,3,1,3,2,1,1,2,3,2,4,3,3,3,3,4,1,1,3,1,3,3,1,3,1,2,3,3,2,2,1,4,2,2,4,1,4,3,1,3,2,3,2,2,2,2,2,1,3,1,1,0,3,1,3,1,2,2,1,1,2,2,3,1,3,3,1,2,3,0,2,1,3,3,4,1,3,3,4,1,4,2,1,4,2,2,3,1,4,1,4,4,4,1,4,2,1,3,,,,,,,,,,,,,,,,,,,,,,,,,,,,,,,,,,,,,,,,,,,,,,,,,,,,,,,,,,,,,,,,,,,,,,,,,,,,,,,,,,,,,,,,,,,,,,,,,,,,,,,,,,,,,,,,,,,,,,,,,,,,2
Male,9.8,80,21,1,2,1,1,1,,1,4,,1,0,2,2,0,0,3,0,4,2,0,0,27,,2,2,2,1,1,4,3,1,3,4,2,2,1,4,2,4,3,3,4,4,2,4,4,2,2,4,4,2,4,3,4,4,3,3,4,0,3,2,3,3,3,4,4,2,1,3,2,1,2,1,3,3,3,3,3,3,3,3,2,2,2,2,2,3,2,3,2,3,2,2,2,3,3,3,2,2,3,3,2,2,2,3,2,3,3,2,3,3,3,3,2,3,3,3,3,3,2,3,3,2,3,3,3,2,3,3,4,4,4,4,4,1,4,1,3,3,3,2,2,3,3,3,3,3,3,3,3,3,2,3,2,1,1,1,4,2,3,3,1,4,0,4,2,3,1,3,3,3,3,1,1,4,2,4,4,2,4,4,4,4,4,4,4,4,0,4,4,4,3,4,0,2,3,3,3,3,3,3,2,4,4,4,1,3,0,0,2,3,1,2,4,2,2,4,4,3,2,2,2,1,1,2,2,2,3,4,3,3,2,2,3,3,3,2,3,3,3,0,4,3,3,3,4,,,,,,,,,,,,,,,,,,,,,,,,,,,,,,,,,,,,,,,,,,,,,,,,,,,,,,,,,,,,,,,,,,,,,,,,,,,,,,,,,,,,,,,,1
Female,8,70,19,2,2,2,2,2,,4,4,,2,1,1,2,0,3,2,0,1,2,0,0,22,,3,2,3,3,3,3,3,1,2,2,2,2,2,2,2,4,1,2,3,1,1,3,3,3,3,3,3,3,3,3,3,3,3,4,4,0,4,1,2,3,3,3,4,1,2,3,1,1,1,0,3,3,3,3,3,3,3,3,1,3,1,1,1,3,2,3,3,3,0,3,1,3,3,3,3,3,3,3,3,3,3,3,2,2,3,1,1,1,2,1,3,1,3,3,3,2,1,1,2,2,2,1,1,3,3,3,3,3,1,4,4,0,4,0,4,4,1,1,1,0,4,1,4,3,2,3,4,2,4,2,4,0,1,2,4,3,3,3,2,2,2,4,2,4,2,4,2,2,3,2,2,4,4,4,4,1,4,4,0,3,3,4,4,4,4,4,4,4,4,4,3,4,4,4,4,4,4,4,3,3,3,3,3,3,3,3,3,3,2,2,3,2,2,3,3,3,3,3,3,3,3,3,3,3,3,3,3,3,3,3,3,3,3,1,3,3,1,0,1,4,1,3,3,1,0,0,0,1,1,0,3,2,1,2,2,1,1,1,2,3,1,0,0,0,0,0,2,2,3,1,5,60,5,60,7,45,120,3,4,4,4,4,2,4,4,4,4,3,3,7,7,7,6,4,6,5,3,1,4,5,5,2,5,6,2,4,6,6,6,6,6,6,2,2,5,5,6,7,6,6,6,7,7,7,7,7,7,7,7,7,1
Male,10,90,20,,,,,,,,,,,,,,,,,,,,,,,,,,,,,,,,,,,,,,,,,,,,,,,,,,,,,,,,,,,,,,,,,,,,,,,,,,,,,,,,,,,,,,,,,,,,,,,,,,,,,,,,,,,,,,,,,,,,,,,,,,,,,,,,,,,,,,,,,,,,,,,,,,,,,,,,,,,,,,,,,,,,,,,,,,,,,,,,,,,,,,,,,,,,,,,,,,,,,,,,,,,,,,,,,,,,,,,,,,,,,,,,,,,,,,,,,,,,,,,,,,,,,,,,,,,,,,,,,,,,,,,,,,,,,,,,,,,,,,,,,,,,,,,,,,,,,,,,,,,,,,,,,,,,,,,,,,,,,,,,,,,,,,,,,,,,,,
Female,8,70,20,1,2,2,2,4,5th,5,6,,1,0,2,2,0,2,1,0,1,1,0,0,,,2,2,2,1,1,1,0,3,0,1,0,2,2,1,0,4,3,1,4,2,0,1,1,0,1,1,2,0,1,0,2,3,1,3,3,1,3,2,2,2,3,2,3,1,1,3,1,1,2,2,3,4,3,4,2,3,3,2,2,3,1,2,1,3,2,2,2,2,2,3,3,2,2,1,3,2,2,2,2,2,1,2,1,1,1,2,2,2,3,3,2,2,1,3,1,1,3,4,3,3,3,2,3,3,3,0,3,3,2,2,2,1,2,1,2,2,2,1,1,0,4,2,4,2,1,2,4,1,3,3,3,0,0,2,2,2,1,3,0,0,0,2,0,2,0,0,3,1,0,0,0,3,2,2,2,3,1,1,1,,,,,,,,,,,,,,,,,,,,,,,,,,,,,,,,,,,,,,,,,,,,,,,,,,,,,,,,,,,,,,,,,,,,,,,,,,,,,,,,,,,,,,,,,,,,,,,,,,,,,,,,,,,,,,,,,,,,,,,,,,,,,,,,,,,,,,,,,,,,,,,,,,,,,,,,3
female,8.5,70,19,1,2,1,2,1,,4,4,,2,0,1,2,0,3,3,0,3,4,0,0,,,3,1,2,2,2,4,4,1,2,3,3,2,0,3,1,4,2,3,4,2,1,3,3,0,1,2,3,1,3,1,1,3,3,3,3,0,3,1,3,3,3,4,3,3,2,2,1,2,1,0,3,4,4,4,4,4,4,4,1,3,1,2,1,4,2,2,2,3,1,3,1,3,2,0,3,2,1,3,2,3,2,2,2,1,1,1,3,2,3,2,3,2,2,2,2,1,2,3,2,3,3,2,3,3,3,1,1,2,3,3,3,1,3,1,2,2,4,4,2,1,3,2,3,3,1,3,2,0,3,1,4,1,1,2,2,2,1,2,0,2,0,2,1,2,0,1,2,1,2,2,0,3,1,3,3,3,2,3,0,2,3,3,3,4,0,3,3,3,1,3,1,1,3,2,3,3,1,4,1,2,3,4,1,3,2,1,3,3,3,2,2,2,2,3,3,2,3,2,1,3,3,3,3,3,3,3,1,2,1,2,3,3,3,1,3,2,3,0,3,3,3,2,3,2,0,0,0,2,1,0,1,3,0,3,4,1,1,2,3,1,0,0,1,0,2,4,3,2,3,3,3,4 + hours,0,0,7,200,unsure...,5,5,5,4,2,3,3,5,3,3,4,2,5,6,3,3,4,6,5,4,4,5,5,5,3,5,5,2,6,2,6,3,3,2,3,2,2,5,5,5,1,3,4,3,5,7,4,5,5,5,5,7,4,3
Female,12,95,20,1,2,2,2,1,,4,4,,1,0,2,2,0,0,4,0,2,3,0,0,,52,0,1,1,1,0,1,2,2,0,1,0,1,1,2,2,4,2,0,3,4,0,0,0,1,0,0,0,0,1,0,3,1,2,3,2,2,4,0,3,3,1,2,3,2,4,3,3,3,1,0,3,4,4,4,4,4,4,4,1,0,1,2,1,4,0,1,1,4,1,4,2,3,0,3,4,2,0,4,2,3,1,2,4,3,2,3,3,3,3,2,2,3,3,1,1,1,3,2,0,1,4,2,1,1,3,0,2,1,2,4,4,1,4,2,3,3,0,2,1,0,2,0,1,1,0,0,3,1,1,3,2,0,0,1,2,2,0,4,2,3,0,3,0,2,0,1,3,2,2,2,0,2,2,4,1,4,0,0,1,3,4,2,2,3,1,1,1,3,1,1,0,0,1,3,4,1,2,2,2,2,1,4,1,2,0,0,0,0,2,2,2,2,1,1,1,3,1,1,3,2,2,2,3,1,3,3,1,2,1,3,4,3,0,1,3,2,1,0,2,1,0,0,3,0,0,1,0,0,2,1,0,0,1,0,1,0,2,1,0,0,0,0,0,0,2,2,3,3,3,3,2,60,0,0,7,30,720,3,1,3,5,2,1,5,2,4,2,4,4,3,5,1,6,1,7,2,5,6,5,2,7,3,1,6,2,3,2,6,3,6,5,3,2,2,3,2,6,2,1,1,1,5,2,3,2,5,5,5,3,6,2
Female,8.5,86,19,1,2,2,1,3,,1,4,,2,2,2,3,0,3,2,0,0,0,0,0,,,1,1,1,1,1,3,3,1,1,3,1,2,3,2,2,4,2,2,4,3,0,1,3,1,3,3,3,2,3,3,3,3,3,4,2,2,4,3,2,3,3,3,4,3,0,3,2,2,3,3,2,3,2,3,3,3,3,3,0,0,0,0,0,4,0,3,3,3,1,3,2,3,1,3,2,3,3,3,3,3,3,1,3,3,3,1,3,3,3,3,3,3,3,3,3,3,3,3,3,3,3,3,1,3,1,3,3,3,3,3,3,1,1,3,3,3,1,1,0,3,3,3,3,3,3,3,3,3,3,3,3,2,2,2,2,2,2,2,2,2,2,2,2,2,2,2,2,2,2,2,2,3,3,3,3,3,3,3,3,3,3,3,3,2,3,3,3,3,3,3,0,1,2,2,3,3,3,1,2,3,3,3,3,2,0,0,1,3,3,3,3,3,3,3,3,3,3,3,3,3,3,3,3,3,3,2,2,3,3,2,3,3,3,3,3,3,2,0,2,3,3,3,2,2,2,2,2,2,2,1,2,2,2,2,2,2,2,2,2,2,2,2,2,2,2,2,4,4,2,3,1,30,1,20,7,120,60,4,4,4,3,4,4,4,3,4,4,3,4,6,6,2,6,4,6,3,5,3,3,2,6,5,2,6,5,6,5,6,6,6,2,5,2,3,3,4,4,5,3,4,2,5,3,4,4,6,6,6,6,6,3
Female,11.44,94,20,1,2,2,2,1,,1,4,,2,2,2,2,2,0,3,0,2,0,0,0,,100,0,0,0,0,0,2,0,1,0,2,0,0,2,2,1,4,2,3,3,2,1,2,1,1,0,0,1,1,2,0,1,1,1,4,3,1,4,1,2,3,2,2,3,1,2,3,2,1,3,2,3,3,3,3,4,4,3,3,2,3,2,2,1,4,2,0,0,3,0,1,3,3,0,1,3,3,0,4,3,3,3,0,3,2,1,0,4,0,1,2,3,3,1,3,2,0,4,2,0,1,1,2,2,2,1,3,4,0,0,3,4,2,3,1,4,3,2,2,1,0,3,0,3,1,0,0,2,0,3,0,2,1,1,1,2,1,0,2,1,3,0,3,0,2,0,1,2,3,2,1,2,1,3,2,0,4,1,0,0,3,3,2,3,1,1,3,2,4,1,2,0,0,0,2,2,2,2,1,1,2,2,3,1,1,0,0,0,1,1,1,2,2,3,2,4,3,1,1,1,2,2,3,3,3,3,3,2,2,1,2,1,3,1,1,1,1,0,0,3,1,0,1,3,0,0,1,0,0,0,0,0,0,0,0,0,0,0,0,0,0,0,0,0,0,0,1,2,3,1,3,1,20,3,45,6,90,120,3,3,3,4,2,1,2,3,2,2,3,3,4,5,1,1,6,6,1,4,1,2,1,5,2,1,6,1,4,1,1,4,5,1,6,1,5,5,1,2,5,5,5,2,6,4,6,5,6,5,5,6,5,2
Male,10,60,23,1,2,2,2,2,,1,4,,2,1,2,2,1,0,4,0,4,1,0,1,,19,3,3,2,3,3,2,3,2,1,2,1,2,0,2,1,4,2,2,3,3,0,0,1,1,0,0,1,0,2,0,1,1,2,3,3,1,2,2,2,1,2,2,3,0,3,4,2,2,2,2,2,3,3,3,3,3,3,2,2,3,2,3,1,2,1,3,1,2,2,3,3,3,1,3,3,2,2,2,3,3,3,3,4,3,2,2,3,3,3,3,3,1,3,3,1,1,2,4,3,2,3,2,3,3,3,3,3,3,4,4,4,0,3,1,3,3,3,1,0,2,2,2,2,2,2,2,2,2,2,1,1,1,1,1,3,0,2,2,3,1,0,2,0,2,0,1,3,1,0,0,1,2,1,2,2,4,3,1,0,3,3,3,3,2,4,3,3,1,2,3,3,1,3,2,3,3,2,2,3,3,3,1,0,2,3,1,2,3,3,1,3,1,2,1,2,4,0,3,3,2,1,1,3,0,1,2,2,2,3,2,2,3,2,3,3,2,1,0,2,3,0,2,3,0,0,1,0,0,0,0,1,1,1,3,0,0,0,0,0,0,0,0,0,1,0,0,3,3,1,2,1,40,1,two hours (basketball),5,60,8 hours,3,3,2,3,3,4,3,3,4,3,3,4,4,6,6,5,2,6,2,6,6,3,6,6,2,5,6,2,5,5,6,5,6,2,4,2,2,6,5,6,4,4,5,3,4,4,4,4,6,5,5,5,3,2
woman,10,92,19,2,2,2,2,2,,5,12,,1,0,2,2,1,4,4,0,2,0,0,0,9,,3,3,4,2,3,3,4,3,4,4,4,3,0,2,4,4,4,4,1,3,1,3,2,1,1,2,2,3,4,4,3,3,1,1,2,3,2,3,2,2,1,1,2,4,3,4,3,2,4,1,3,3,3,3,3,3,2,3,3,3,2,2,1,3,2,2,3,2,2,3,3,3,2,1,4,2,2,3,4,3,3,3,0,2,1,2,1,4,2,3,4,2,1,4,3,1,3,3,2,3,4,2,2,3,3,2,3,4,2,2,4,3,2,3,2,1,4,4,4,3,3,1,1,2,1,2,2,1,3,3,3,2,3,3,2,2,2,3,2,2,1,3,2,2,3,1,2,2,1,2,2,3,2,2,3,4,3,2,1,2,2,2,2,4,0,3,3,3,2,2,0,2,1,2,1,0,2,3,0,3,3,4,2,2,0,1,1,4,2,3,3,1,3,3,3,3,2,4,3,2,0,2,2,1,2,2,4,3,1,3,3,3,2,3,4,3,3,0,3,4,0,1,1,1,0,0,0,0,3,0,0,0,0,0,1,0,0,0,0,0,3,0,0,0,0,3,1,1,3,2,0,0,none,0,3,100,500,5,4,4,2,1,4,2,5,2,2,5,3,5,6,6,2,5,7,5,6,6,3,6,2,6,4,1,3,6,2,6,4,4,2,4,5,3,3,7,5,5,4,3,6,5,5,4,6,3,3,4,3,1,1
Male,8,93,20,1,2,1,2,2,,1,14,Chinese & Caucasian,1,0,2,3,1,4,4,4,3,0,0,0,,,3,3,3,3,3,4,2,3,0,2,0,1,1,4,1,4,2,2,4,3,2,2,4,0,2,0,3,0,3,0,4,0,4,4,3,0,4,2,3,4,3,2,4,3,3,4,1,2,3,1,3,3,3,4,3,4,3,4,2,2,2,1,1,3,2,3,2,2,2,3,1,2,3,4,3,2,1,4,3,2,2,3,4,3,1,2,1,1,2,1,3,4,4,3,3,1,3,3,2,3,4,0,4,0,3,1,3,3,3,3,3,1,4,0,3,2,1,0,0,0,2,0,4,1,0,0,3,0,1,0,0,2,1,4,2,3,1,4,4,4,3,1,0,2,0,1,4,4,4,3,3,2,3,1,1,2,1,3,2,2,2,2,2,2,2,2,2,2,2,2,2,2,2,2,2,2,2,2,2,2,2,2,2,2,2,2,2,2,3,1,1,1,2,2,1,2,2,1,2,3,1,2,2,3,2,3,1,2,3,3,1,2,2,2,1,3,2,1,3,3,1,2,2,0,0,0,0,0,0,0,0,0,0,0,0,0,0,0,0,0,0,0,0,0,0,0,0,0,0,0,2,120,1,45,7,20,360,2,2,2,2,2,2,2,2,2,2,2,2,6,5,3,7,5,5,4,3,4,5,6,6,3,5,7,3,5,3,3,3,6,5,4,5,3,4,5,5,3,4,4,5,4,2,5,4,5,5,5,5,6,3
Female,9,76,21,1,1,1,1,3,,5,4,,2,0,1,2,0,4,3,1,1,2,0,0,43,,3,1,2,0,1,3,4,4,4,3,4,4,0,2,2,4,0,4,3,4,4,4,4,3,1,4,3,0,4,1,2,3,2,0,1,3,0,1,0,2,1,1,1,3,3,3,4,1,3,0,3,4,4,4,2,3,4,4,0,2,0,1,1,3,1,4,2,2,2,3,2,1,2,2,3,2,1,4,2,3,3,4,2,3,3,1,3,3,3,2,2,4,2,3,4,3,3,3,0,2,3,1,3,2,3,1,2,3,4,3,3,3,3,1,3,3,2,3,2,1,4,2,4,4,1,2,4,2,1,1,3,1,2,3,1,1,3,2,0,2,0,3,0,4,0,3,3,2,0,3,3,3,0,3,2,3,1,0,0,3,3,3,3,2,0,3,3,0,2,2,1,2,2,2,1,3,3,2,0,2,3,0,0,1,0,0,1,3,2,1,3,2,2,0,4,3,2,1,1,1,0,2,2,1,3,2,1,1,1,3,3,3,2,0,3,2,0,0,2,1,0,0,1,1,0,0,0,2,0,0,1,1,0,0,0,0,0,0,0,0,0,0,0,0,0,0,3,2,3,2,0,0,0,0,15,7,20,1,3,3,4,3,2,2,4,3,4,3,2,6,5,1,4,1,5,4,2,6,6,4,5,6,4,5,2,4,4,5,3,6,3,1,2,1,6,2,5,5,2,5,2,2,1,1,2,4,3,5,5,1,1
Female ,8,90,20,1,2,1,1,1,,1,4,,1,0,1,3,0,4,4,1,2,3,0,0,,,3,2,4,3,2,1,2,3,3,1,1,3,2,1,0,4,3,4,3,0,0,2,2,1,0,0,2,1,3,0,2,3,3,3,3,0,4,0,2,3,2,3,2,1,0,3,1,1,2,0,2,3,3,4,4,4,3,3,1,3,2,1,1,3,0,1,2,4,2,3,3,3,1,4,3,1,0,4,1,3,1,2,2,1,2,1,3,3,3,3,3,4,4,2,2,1,3,4,1,3,2,3,3,3,2,2,1,4,1,3,3,1,4,1,3,3,1,1,2,2,1,0,2,2,0,1,2,2,4,3,4,0,0,2,2,1,3,2,1,2,0,1,0,3,0,2,3,2,2,1,1,3,1,2,2,3,0,1,2,3,2,1,3,4,0,1,2,3,3,2,1,2,2,3,2,3,3,4,0,2,2,3,1,3,1,0,1,2,2,1,3,2,3,2,3,3,1,2,1,2,2,3,2,3,3,2,2,1,3,3,2,3,0,1,3,3,1,0,4,3,1,1,3,0,2,1,0,1,0,0,0,1,0,0,1,0,0,0,2,0,0,0,1,0,1,0,3,4,1,3,1,45,3,90,5,15,840,4,4,3,4,2,3,1,4,2,3,3,3,3,6,2,6,5,7,4,6,3,7,5,4,3,2,5,3,2,4,3,5,6,2,1,5,4,5,6,6,3,2,5,2,5,6,3,1,5,6,6,6,4,3
Male,11.2,80,22,1,1,1,1,2,,1,10,,1,3,2,1,0,0,2,2,4,0,0,3,,100,0,0,1,0,0,2,0,0,0,2,0,0,4,1,2,4,0,0,2,2,0,0,2,2,2,0,2,0,2,2,1,2,2,1,1,2,1,0,0,1,1,0,0,1,2,3,3,0,1,0,3,3,3,3,3,3,3,3,0,2,0,0,0,3,3,2,0,2,1,2,1,2,1,1,3,2,1,3,2,1,2,0,2,2,2,1,3,3,2,1,3,2,1,1,2,1,3,3,0,1,2,2,1,1,2,0,2,0,1,3,3,0,3,0,3,3,0,0,0,0,1,0,1,0,0,0,1,0,,0,0,0,0,2,3,3,3,3,2,3,1,3,0,3,0,0,3,3,3,0,0,3,0,3,3,0,3,4,0,3,3,3,0,3,3,3,3,3,0,0,0,0,1,3,3,3,2,3,3,3,3,0,0,0,0,0,0,0,3,0,3,2,2,0,2,3,0,2,0,2,1,0,1,0,3,1,1,2,0,2,2,2,0,1,2,3,0,0,2,2,0,0,2,0,0,3,0,0,0,0,0,0,1,0,0,0,0,0,1,0,0,0,0,0,0,0,3,3,0,3,4,60,2,600,7,600,180,2,2,2,4,2,2,4,3,3,4,2,1,5,4,2,5,2,6,2,4,5,5,4,6,2,2,5,2,1,2,5,4,2,2,2,2,2,6,2,6,5,2,2,5,6,2,2,2,2,4,3,3,2,2
Female ,8,80,20,1,2,1,1,2,,4,4,,2,1,2,3,0,4,3,1,1,4,0,0,25,,0,0,0,0,0,3,3,0,0,4,0,0,3,4,1,4,0,1,3,1,0,2,4,1,2,3,4,1,4,0,4,4,4,4,4,0,4,1,3,4,4,4,4,0,1,2,0,0,0,0,0,4,4,4,4,4,4,4,0,1,0,1,0,4,2,3,1,3,0,1,2,4,0,0,3,2,1,4,3,3,2,1,2,2,1,0,4,3,3,2,4,4,2,4,3,1,4,4,0,4,3,1,4,3,2,0,4,1,1,3,4,0,2,0,3,3,1,1,0,2,4,3,4,2,2,3,4,1,2,3,3,0,0,2,2,1,0,3,0,3,0,2,0,1,0,2,3,2,3,1,0,4,0,3,3,4,2,1,0,3,3,2,2,1,0,2,3,2,3,1,0,1,4,2,3,2,1,1,0,2,3,3,2,3,0,1,3,3,2,0,2,2,3,2,3,3,1,1,1,2,1,3,3,2,3,2,1,1,0,2,4,3,3,0,3,1,0,0,3,3,0,0,2,0,0,1,0,0,1,0,2,2,0,1,2,0,0,0,0,1,0,1,0,0,2,0,3,4,2,3,1,20 minutes ,1,30 minutes,6,120 minutes total,180 minutes ,3,4,4,3,3,2,4,3,3,3,3,4,5,6,1,2,2,7,2,4,3,2,1,5,3,1,4,1,6,2,6,4,6,1,6,1,3,7,4,3,4,3,3,5,5,2,1,3,5,6,5,6,4,1
Female,10.5,90,19,2,2,1,2,2,,5,12,,1,3,2,2,0,3,4,0,3,1,0,0,15,,1,1,2,1,1,1,1,2,1,2,1,1,1,2,1,4,1,0,2,1,1,2,1,1,2,2,1,1,1,1,1,1,2,2,2,2,1,2,2,2,2,1,4,1,2,2,2,2,2,2,2,1,2,2,1,2,3,3,2,1,2,2,2,2,2,2,1,2,2,1,2,1,2,2,2,2,1,2,2,2,2,2,2,2,1,2,3,3,2,2,1,2,3,2,2,1,2,3,2,2,2,2,1,2,1,2,2,1,2,0,1,3,1,2,3,2,2,2,2,1,2,2,2,1,2,2,1,2,2,1,2,2,2,1,2,2,2,1,2,2,2,1,2,2,2,2,2,2,1,2,1,2,2,2,1,2,2,2,2,2,1,2,3,2,2,2,1,2,1,2,2,2,2,1,2,1,2,1,1,2,3,3,2,2,2,3,3,1,2,1,2,1,2,1,1,3,2,1,2,1,2,3,2,1,1,2,2,1,2,2,1,2,2,2,3,2,1,2,3,2,1,2,2,2,2,2,1,2,2,2,2,1,2,2,2,2,3,3,3,2,1,2,2,2,2,2,2,1,2,1,4,1.5 hours,5,30,7,1 hour,7 hours atleast,2,3,2,3,2,3,2,3,4,3,2,3,2,3,4,4,3,4,4,4,3,4,3,4,4,4,3,3,3,3,3,4,4,3,4,4,3,4,4,4,2,3,3,4,4,4,4,4,3,3,4,3,3,1
Male,7,75,21,2,2,2,2,2,,4,11,,1,1,2,2,1,1,4,1,3,1,0,0,,,2,2,2,1,2,0,0,0,0,0,0,0,0,0,0,0,0,0,2,2,0,0,2,1,0,0,1,0,2,1,0,0,2,3,2,0,3,1,2,2,2,2,4,2,2,3,1,1,2,1,2,2,3,3,2,3,3,3,1,1,2,1,1,3,2,2,1,3,1,2,2,3,2,3,2,2,2,3,2,2,2,2,1,2,2,2,2,2,2,2,3,2,2,2,3,1,2,2,2,2,2,2,3,2,2,2,3,2,2,3,2,1,2,1,2,3,2,2,1,1,1,1,3,2,0,0,2,1,2,1,1,0,0,2,2,2,1,3,1,3,0,2,0,3,0,2,3,2,2,0,0,3,0,3,2,1,1,3,0,3,3,2,3,3,1,3,3,3,2,3,3,1,2,3,3,3,3,3,1,2,3,3,1,2,3,1,2,0,1,1,2,1,1,0,3,3,0,0,1,1,0,2,2,2,2,2,0,1,0,2,2,2,2,1,1,1,0,0,1,2,0,0,1,0,0,0,0,0,0,0,1,0,0,2,1,0,0,0,0,0,0,0,0,0,0,0,2,3,1,3,5,90,0,0,7,30,750,2,2,2,3,3,2,3,2,3,3,3,3,5,4,4,4,4,4,4,4,4,4,4,5,3,3,3,4,4,4,4,4,4,4,4,3,3,4,4,4,4,4,4,4,4,4,3,4,3,4,4,4,3,3
Male,8,75,20,2,2,2,2,2,,2,5,,1,1,2,2,4,4,3,3,4,0,0,0,,,2,3,3,2,2,2,2,2,1,3,1,1,3,2,2,4,1,2,3,3,1,2,2,2,2,2,1,1,2,2,1,2,2,3,2,3,3,3,2,2,2,2,3,3,3,3,2,1,2,2,2,3,3,3,2,2,3,3,3,2,2,2,1,3,2,2,2,2,2,1,1,2,3,1,2,2,1,2,3,2,2,4,1,1,2,1,2,3,2,4,2,2,2,2,1,2,2,2,3,3,2,3,2,3,2,2,2,3,2,2,1,3,2,3,2,2,3,3,3,2,2,2,3,2,2,2,3,2,4,3,4,1,1,3,1,2,1,2,3,1,2,2,1,2,1,1,2,2,2,2,2,2,2,1,2,3,3,2,1,2,3,2,3,3,2,2,2,2,3,1,1,2,3,2,1,2,2,2,1,2,1,3,1,1,1,1,2,3,0,2,1,1,1,3,2,1,2,2,2,2,2,2,2,1,2,1,2,2,2,2,2,2,2,2,2,2,1,0,2,2,2,2,2,1,1,1,1,1,1,0,1,2,0,2,1,0,1,1,1,1,1,1,1,1,2,1,2,2,2,2,0,0,0,0,5,15,100,3,3,3,3,3,3,2,3,3,3,4,3,3,5,5,2,5,5,5,6,6,4,6,3,4,4,3,4,6,4,3,4,4,4,5,5,4,4,4,3,4,3,4,4,5,5,4,4,4,4,4,3,2,3
female,5,85,24,2,2,2,2,2,,4,6,,2,2,1,2,0,4,2,1,0,3,0,0,,100,4,3,3,2,3,4,3,0,0,4,2,0,1,4,2,3,0,1,2,1,1,2,2,1,1,1,1,0,1,1,3,2,2,1,2,2,2,2,1,1,2,1,3,3,4,3,2,3,2,1,3,4,4,4,4,4,4,4,1,2,1,1,0,3,1,3,1,2,1,2,1,4,2,2,3,3,1,4,3,1,3,1,2,1,3,1,4,3,1,1,4,4,3,1,3,1,2,3,3,3,1,2,3,2,1,1,3,3,1,3,3,1,3,1,2,2,2,1,1,1,2,2,3,2,1,1,4,3,4,4,4,2,3,2,3,2,1,2,0,3,0,2,1,3,1,2,2,2,2,3,3,1,0,2,1,1,0,1,1,2,3,4,3,3,1,2,2,2,1,1,0,0,1,2,2,3,3,1,0,1,1,3,0,2,0,0,1,2,2,2,3,2,3,1,0,4,0,0,0,2,2,3,1,2,2,2,1,2,1,1,4,2,0,0,4,4,2,0,1,3,0,1,3,0,1,1,0,1,0,0,0,1,0,0,1,0,0,0,1,0,0,0,0,0,1,0,2,3,3,2,3,60,4,240,7,30,1500,3,3,4,3,2,2,2,1,3,2,2,2,6,6,5,5,3,6,1,4,5,6,6,6,4,5,4,3,5,1,5,5,6,1,4,2,1,5,7,4,5,2,4,5,5,2,4,2,4,5,5,5,5,2
Female,9.33,80,22,1,1,2,2,1,,5,12,,2,1,1,2,0,4,3,1,0,3,0,0,,100,1,2,2,1,1,3,2,3,1,3,0,4,3,3,3,4,3,2,1,2,0,2,2,3,1,1,2,1,4,1,1,1,1,2,3,2,2,2,3,3,3,3,3,1,3,2,2,2,2,2,1,3,2,1,2,1,3,3,1,3,2,2,1,3,1,1,2,2,3,2,3,2,1,2,3,1,1,3,3,3,2,2,2,2,2,2,2,2,2,3,3,3,2,3,1,2,2,2,1,3,2,2,3,3,3,2,2,1,2,2,2,1,3,3,1,0,3,2,2,2,1,2,2,3,1,0,3,1,3,3,3,2,2,3,1,1,3,2,2,2,2,2,2,1,2,2,3,1,2,2,2,2,0,3,2,2,2,3,1,2,3,2,3,3,1,3,3,2,1,3,4,2,2,2,3,2,3,2,2,3,3,2,0,3,4,2,3,3,0,4,3,1,1,4,3,2,3,3,3,2,1,2,2,3,2,2,4,1,3,3,4,2,2,2,2,2,3,0,3,4,2,1,3,1,0,1,1,1,0,1,2,1,1,1,0,1,1,1,1,3,0,0,1,1,1,2,1,3,1,2,2,30,3,20,3,20,4-5 hours ,5,3,4,4,3,4,2,4,3,3,4,3,3,4,2,4,2,5,4,5,4,4,5,3,6,4,4,4,5,4,5,3,5,4,4,5,3,4,5,4,5,4,4,4,4,5,5,5,5,4,5,5,4,2
Female,7,87,19,1,1,2,1,1,,3,4,,2,0,1,2,0,4,2,1,2,4,0,4,18,,2,2,2,1,2,3,3,4,1,2,1,3,1,2,2,4,3,3,4,0,2,1,1,3,0,0,1,0,3,0,2,3,4,4,4,0,4,1,4,4,4,4,4,0,1,3,0,0,1,1,4,4,4,4,4,4,4,4,0,2,2,1,0,4,0,2,1,3,1,1,3,4,1,4,4,2,0,4,3,4,0,3,1,3,1,1,3,2,2,3,4,3,2,4,3,1,3,3,1,4,2,2,1,3,1,3,4,2,1,3,3,1,3,1,2,2,3,3,3,1,3,0,4,3,0,1,4,1,4,4,4,3,3,3,3,3,2,2,2,2,1,2,1,3,0,2,4,2,1,3,3,4,0,3,3,0,2,3,0,4,3,2,2,4,1,4,4,2,3,3,2,1,3,2,2,3,3,1,3,4,4,3,1,2,2,1,2,2,3,2,2,2,3,1,3,3,1,1,1,2,3,3,2,2,2,2,1,1,0,3,3,3,1,2,3,2,0,0,2,4,0,0,2,1,0,0,0,1,0,0,1,2,0,1,1,0,0,0,2,2,0,0,0,0,0,0,2,2,1,2,0,0,0,0,7 days,I go for a 90 min walk everyday.,420 minutes,4,4,3,4,3,2,3,4,3,4,4,3,5,6,2,1,3,7,2,4,2,4,3,4,2,3,3,5,7,3,7,3,6,2,4,5,4,4,5,4,4,3,3,2,6,5,5,2,6,6,5,6,5,1
Woman,9,93,19,2,2,2,2,1,,3,12,,1,1,2,2,0,4,3,0,1,3,0,0,,,2,2,3,0,0,2,2,2,1,2,1,1,2,2,1,4,1,3,2,1,0,0,2,1,0,0,1,1,1,0,1,2,3,3,2,2,3,1,3,3,1,2,3,2,2,3,1,0,3,0,3,4,4,4,3,4,4,4,0,3,1,1,0,3,1,2,4,3,2,1,3,2,2,3,3,2,0,3,3,3,1,3,1,2,1,2,2,2,3,3,3,2,2,2,2,1,3,3,1,4,2,3,3,4,4,3,3,2,3,3,3,1,3,1,2,2,3,4,3,2,3,0,3,4,0,0,3,1,3,2,3,2,2,3,2,3,3,3,1,4,1,2,3,3,3,3,3,2,2,3,3,3,2,2,2,3,2,2,1,3,4,2,3,3,1,3,3,1,3,3,0,1,3,3,3,3,3,3,1,2,2,3,1,3,0,1,2,2,3,2,4,1,2,3,3,2,2,1,1,2,1,2,3,1,3,3,1,1,1,2,3,3,3,2,3,1,1,0,3,3,0,2,2,1,2,0,0,1,1,1,1,1,1,1,0,0,0,0,0,0,0,0,0,0,0,1,3,2,4,2,0,0,0,0,7,180,too many ,4,5,4,3,3,4,3,3,3,3,3,3,5,6,3,6,4,6,5,5,7,2,5,5,6,4,4,3,7,5,6,6,6,3,5,5,5,5,5,5,5,2,5,5,5,5,2,4,4,5,5,5,3,3
Female ,8,75,20,1,2,1,1,1,,1,6,,1,4,2,2,0,3,3,0,0,3,0,0,,100,1,3,3,3,2,3,3,0,1,3,1,0,1,2,2,4,1,1,2,1,1,1,2,1,0,1,1,1,1,1,3,2,3,3,3,1,3,0,2,2,2,2,3,3,3,1,2,2,1,1,3,3,3,3,3,3,3,3,1,1,2,1,1,3,2,4,3,2,1,1,1,1,1,1,2,4,1,1,1,1,4,3,2,2,2,3,2,3,1,1,3,3,1,3,3,1,3,3,2,2,2,2,2,2,2,3,3,3,1,2,2,1,3,2,2,2,1,2,2,2,3,4,4,4,3,4,4,4,3,1,3,1,1,1,2,2,3,3,3,3,1,3,1,3,1,3,3,3,3,1,1,3,1,2,3,2,3,2,2,3,2,2,1,4,4,4,4,3,3,3,1,2,2,3,3,3,4,4,4,4,4,4,4,2,1,1,3,3,2,1,2,1,3,3,4,2,1,2,1,1,2,3,3,3,3,3,1,1,1,1,3,3,2,1,3,3,0,0,2,2,0,2,2,3,1,0,0,2,3,3,4,2,1,4,2,3,3,3,3,4,3,1,3,3,2,1,3,3,1,2,0,0,5,60,7,30,180,3,4,4,3,3,3,3,3,3,3,3,3,7,6,3,3,6,6,6,7,2,5,6,3,5,5,4,2,6,3,5,7,7,2,2,2,2,6,6,5,5,2,5,6,7,4,5,5,5,4,5,5,5,2
Male,7,82,20,1,2,2,2,1,,1,4,,2,0,2,2,1,1,3,0,4,2,0,1,,100,2,3,1,1,0,2,1,0,0,2,1,0,4,3,1,4,0,1,1,2,1,4,4,3,2,2,3,1,4,3,2,2,3,4,4,0,4,0,4,4,4,3,3,1,0,1,0,1,0,1,1,3,2,2,2,1,2,2,2,3,1,0,1,2,0,3,1,3,0,2,2,3,1,3,2,2,0,2,1,2,2,1,3,1,1,2,2,1,3,2,3,2,3,3,1,0,3,2,2,3,3,2,3,1,2,1,2,3,2,4,3,0,3,0,3,4,1,1,0,0,1,0,2,1,0,0,1,0,1,2,2,1,1,2,3,3,1,3,1,2,0,2,0,4,0,3,3,2,2,0,0,3,1,3,4,1,1,2,0,3,2,3,4,3,0,1,1,0,1,3,0,1,2,3,2,3,4,4,1,1,1,0,0,1,0,1,2,2,2,1,3,3,4,1,4,3,1,0,1,3,3,3,4,3,3,4,1,0,1,2,4,3,1,0,3,3,1,0,3,4,1,2,3,0,0,2,0,0,1,0,0,1,0,0,1,0,0,0,0,0,0,0,0,0,1,0,3,3,4,2,2,30,1,15,4,20,1200,3,4,2,5,3,1,2,1,4,2,3,3,5,5,3,6,3,6,1,5,5,3,3,5,3,5,6,3,4,2,3,4,6,2,3,1,2,3,2,4,5,3,2,1,5,3,1,3,5,7,5,6,6,2
Female,8,75,19,2,2,2,2,2,,2,6,,1,1,2,3,3,4,4,1,4,3,1,2,46,,3,3,2,3,3,3,3,0,0,3,1,0,0,3,1,4,1,1,1,3,1,3,4,3,3,2,4,3,4,4,4,3,4,2,3,1,3,1,3,3,2,2,4,2,2,2,2,0,3,0,0,3,4,4,4,4,4,4,1,3,0,0,0,4,0,3,1,3,2,3,2,3,2,2,3,3,1,3,3,2,3,2,2,3,2,1,3,2,3,3,4,3,3,4,1,0,3,3,1,3,3,3,3,3,2,0,3,2,3,3,3,0,3,0,3,3,2,2,0,2,3,1,4,3,1,0,4,2,3,2,4,3,2,4,2,3,3,3,2,3,0,3,1,3,1,2,3,3,3,1,1,4,1,3,4,2,3,3,0,,,,,,,,,,,,,,,,,,,,,,,,,,,,,,,,,,,,,,,,,,,,,,,,,,,,,,,,,,,,,,,,,,,,,,,,,,,,,,,,,,,,,,,,,,,,,,,,,,,,,,,,,,,,,,,,,,,,,,,,,,,,,,,,,,,,,,,,,,,,,,,,,,,,,,,,1
Female ,9.05,90,20,2,2,1,2,1,,4,10,,1,2,1,2,1,4,4,2,1,4,0,0,,,2,2,2,1,1,3,2,0,0,4,0,0,0,4,0,4,0,1,4,2,0,3,3,2,3,3,3,4,3,2,2,3,4,2,2,2,2,2,2,2,2,1,3,3,3,3,3,2,3,0,4,4,4,4,4,4,4,4,0,2,0,0,0,4,0,4,0,3,1,3,1,3,2,1,3,3,0,4,4,4,4,4,0,2,3,1,1,4,2,2,3,3,2,4,4,2,3,3,2,4,3,2,4,4,4,3,4,4,2,3,3,1,2,2,3,3,3,2,2,2,3,0,4,4,0,0,4,3,3,1,3,2,2,3,3,2,2,2,4,2,2,4,2,4,2,4,4,3,3,1,1,4,0,4,3,0,1,3,0,4,4,4,4,4,4,4,4,3,4,4,4,4,4,4,4,4,4,4,3,4,4,4,4,4,4,4,4,4,4,4,4,4,4,4,4,4,4,4,4,2,2,2,2,3,3,3,3,3,3,3,3,3,3,3,3,3,3,0,2,4,2,4,4,0,0,0,0,0,1,0,0,1,0,0,0,0,0,0,0,0,0,0,0,0,0,0,3,3,3,3,4,50,4,50,6,20,60,4,4,4,4,4,4,4,4,4,4,4,4,7,7,6,2,6,6,1,3,4,4,6,6,1,5,1,3,6,3,5,6,7,1,4,2,3,6,7,5,7,7,7,7,7,7,7,7,5,5,5,5,5,3
 female,9.5,70,21,1,1,2,2,1,,4,14,Indian and Italian ,2,2,1,2,0,4,4,0,0,0,0,2,14,,3,2,2,3,2,3,2,2,0,1,0,3,4,2,3,4,3,3,4,1,1,1,1,0,0,0,1,2,4,2,0,3,4,1,1,2,2,3,3,3,1,1,3,2,1,3,2,3,4,2,3,3,4,4,3,2,3,3,1,4,3,2,1,3,0,3,3,3,2,1,4,3,1,1,1,2,0,3,3,2,2,2,2,0,2,0,3,4,2,1,4,4,1,4,3,2,0,4,3,4,3,2,3,3,0,1,2,4,2,2,3,2,2,1,1,1,4,2,4,2,2,3,3,3,2,1,2,3,3,2,3,2,1,3,3,3,3,3,2,3,1,2,0,1,1,1,1,0,2,3,3,4,0,2,3,4,4,3,1,3,2,1,3,3,3,3,3,2,4,2,2,1,4,3,2,0,4,2,2,2,2,3,1,3,2,0,3,4,2,3,3,2,3,2,2,1,0,1,2,2,1,1,2,1,2,1,0,2,0,3,3,3,2,1,3,2,1,0,3,4,0,1,0,2,1,0,0,1,3,1,4,4,0,3,3,0,1,1,2,1,2,1,0,0,2,0,2,3,1,2,4,1 hour,0,45,4,30,180,5,5,4,4,1,5,1,3,2,2,4,3,5,7,4,3,3,7,6,4,5,5,5,2,2,5,3,3,6,5,5,3,6,1,3,5,3,7,7,1,3,2,3,2,3,5,5,2,3,4,5,5,2,1
Female,10.5,93,20,1,2,2,2,2,,4,12,,2,4,2,2,0,1,4,0,1,1,0,0,17,,1,2,1,2,2,2,3,3,0,1,0,4,4,1,1,4,4,4,4,2,2,1,0,0,0,0,0,1,2,0,1,1,3,2,2,2,3,2,2,3,1,1,3,3,3,3,2,1,3,0,3,3,4,3,3,4,4,4,1,2,1,1,1,3,1,2,2,3,1,3,2,2,2,2,3,3,2,3,2,2,2,2,3,2,1,1,3,2,2,2,3,3,3,3,2,2,4,3,1,2,3,2,2,2,3,2,3,1,2,4,4,2,3,2,2,2,3,2,2,0,2,0,2,2,1,0,2,1,2,2,3,1,1,2,2,3,2,2,2,3,1,2,1,2,1,3,3,0,2,1,1,3,1,3,2,1,3,2,1,3,3,3,2,4,4,3,3,3,1,2,0,0,3,3,3,3,3,4,4,2,2,2,0,2,0,0,0,4,3,2,4,1,2,0,4,2,1,3,0,3,2,2,2,4,2,2,1,1,0,2,4,2,1,1,4,4,1,0,3,4,0,0,4,0,0,0,0,0,0,0,0,1,0,0,1,0,0,0,1,0,0,0,0,0,0,0,2,3,2,2,4,45-75,2,30,7,45,300,5,3,3,3,2,4,2,2,2,3,2,2,5,6,3,4,3,7,3,5,3,3,3,5,4,5,4,2,5,5,6,5,6,5,3,4,3,6,4,5,5,2,2,2,4,2,2,2,6,6,6,6,5,1
male,9.4,80,21,1,2,1,1,1,,2,4,,1,0,2,2,0,0,2,0,2,0,0,0,,50,2,2,3,2,2,3,3,3,2,3,3,2,3,2,2,4,3,3,3,3,2,2,3,3,4,3,3,3,3,3,3,3,2,3,3,3,3,2,2,3,3,3,3,3,2,3,2,2,2,2,3,3,4,4,4,4,4,4,2,2,2,2,2,2,2,3,3,2,3,3,3,3,4,3,3,2,2,2,2,3,3,3,3,2,3,4,4,3,3,3,3,3,3,3,4,3,3,3,4,4,4,3,3,2,3,2,2,2,2,4,3,3,3,4,3,4,4,2,2,2,2,2,3,3,3,3,3,3,3,3,3,2,2,2,4,4,4,2,1,4,0,2,0,3,0,4,4,4,4,1,1,4,4,4,4,2,4,4,4,3,3,2,3,3,3,2,3,3,3,3,2,2,3,4,4,4,3,3,3,3,3,3,2,2,2,2,4,3,2,2,3,3,3,3,2,2,2,3,3,2,2,2,3,3,4,3,3,3,4,3,3,3,2,2,3,3,3,0,3,3,4,3,3,2,2,2,3,3,3,2,2,3,4,3,2,2,2,3,3,3,2,2,2,3,3,3,3,3,3,3,7,120,yes,60,7,30,60,4,4,5,4,3,4,4,5,4,4,4,4,6,6,3,5,3,6,6,4,4,5,5,5,1,6,4,3,3,2,5,5,6,1,4,4,4,3,5,5,5,5,6,5,4,5,6,6,5,4,4,4,4,2
Female,10.95,80,20,1,2,1,1,2,,4,4,,2,0,2,2,0,1,3,0,4,2,0,1,,,2,2,3,2,2,3,2,1,1,3,1,0,1,3,0,4,1,1,2,1,1,2,2,1,1,1,3,2,3,0,3,1,3,4,4,0,4,0,4,3,3,3,4,0,1,2,0,0,1,0,3,3,3,3,3,3,3,3,1,3,2,1,1,3,1,3,1,3,1,2,2,3,2,1,3,1,1,3,3,2,2,2,1,2,1,1,2,2,2,2,4,2,1,4,2,0,2,3,1,3,2,2,3,2,2,1,3,2,3,4,3,0,3,0,2,2,1,0,0,1,2,2,2,4,1,2,3,2,2,2,1,2,2,3,1,1,2,1,1,1,0,2,0,2,1,1,2,1,1,2,3,3,2,3,2,4,3,2,1,3,3,3,3,4,0,2,2,3,3,3,0,1,0,2,2,3,2,4,0,2,2,4,1,1,0,1,0,2,0,3,2,1,1,4,3,2,1,0,0,2,1,2,2,3,2,2,2,2,1,1,3,3,2,2,3,3,1,0,2,3,0,1,3,0,0,0,0,1,3,0,1,1,0,2,0,0,0,0,0,0,0,0,0,0,1,0,3,3,2,2,3,60,2,30,7,30,500,2,2,4,3,2,3,2,4,2,2,4,3,4,6,4,3,3,6,2,4,5,3,5,3,6,3,2,3,6,1,4,2,6,1,4,2,2,5,4,4,3,2,2,2,4,2,5,1,4,4,4,5,3,3
Female,10,70,20,2,2,2,1,1,,4,6,,1,4,2,3,0,4,3,0,0,1,0,0,12,,0,0,2,0,0,1,1,0,0,2,0,0,4,1,2,4,0,0,4,0,2,4,4,4,0,1,3,4,4,0,2,2,4,4,4,0,4,0,3,3,4,4,4,1,0,1,0,0,0,0,3,3,4,4,4,4,3,4,2,1,0,0,1,3,0,2,1,3,0,3,3,3,1,2,2,3,0,4,2,2,3,0,4,3,3,1,4,2,3,3,4,4,3,3,2,0,3,4,0,1,3,3,4,1,2,3,2,0,2,4,4,0,4,0,3,3,0,1,0,0,2,1,3,3,0,1,4,1,2,0,0,0,0,1,4,4,0,4,1,4,0,2,0,2,0,3,3,3,3,0,0,4,1,4,3,2,1,4,0,4,4,2,4,3,4,2,3,2,3,2,0,3,0,4,3,2,4,3,4,3,3,3,0,2,0,0,2,1,2,2,4,3,4,2,4,4,0,0,0,4,4,4,4,4,3,4,0,1,0,3,4,4,0,0,3,4,0,0,4,3,0,0,4,0,0,0,0,0,0,0,0,0,0,1,1,0,0,0,0,0,0,0,0,0,0,1,3,4,1,3,5,60 min,7,120 min,7,120 min,360 min,4,3,4,5,4,1,3,1,4,3,1,5,5,7,1,5,4,7,1,6,5,7,1,7,1,3,7,1,2,1,5,5,7,1,1,1,1,3,2,6,2,1,2,2,6,1,7,1,7,7,7,7,7,1
Female,8,70,20,1,2,2,2,4,5th,4,6,,1,0,2,2,0,2,1,0,1,0,0,0,,75,2,2,2,1,1,1,1,2,0,1,0,2,2,1,1,4,3,0,4,3,1,2,2,0,1,1,2,0,2,0,2,2,2,3,3,1,3,1,3,3,3,2,2,1,2,3,1,1,2,2,3,3,2,3,2,3,3,2,2,3,1,2,1,2,2,1,1,2,2,3,3,2,2,1,3,2,2,2,3,2,1,2,0,1,1,3,2,3,4,4,2,2,0,3,2,2,4,4,2,3,4,2,3,3,2,0,2,2,3,2,2,1,2,1,1,1,2,1,1,0,4,1,4,3,1,2,4,2,3,3,3,0,0,3,2,1,0,4,2,3,0,3,0,3,3,3,3,2,2,1,1,2,2,2,2,2,1,1,1,2,1,1,2,2,0,2,2,0,0,2,0,2,2,2,2,1,1,2,0,2,2,2,0,2,0,2,0,3,1,3,2,1,1,4,4,2,2,2,2,1,1,2,2,2,3,2,2,2,2,2,3,3,2,1,1,2,1,0,2,2,1,1,1,0,0,1,0,1,1,0,3,2,1,2,0,0,0,0,0,0,0,0,0,0,0,2,1,2,2,2,3,60,4,45,7,30,150,5,5,5,2,2,4,2,3,2,3,4,2,4,5,5,3,1,5,3,5,7,2,5,3,5,5,6,2,5,3,5,3,4,5,5,5,3,5,5,5,5,5,5,5,5,3,5,5,3,3,4,4,3,2
female ,10,90,20,2,2,2,2,3,,2,2,,1,1,2,2,0,4,4,0,3,0,0,0,,,4,3,4,4,4,1,4,4,4,4,4,4,0,1,4,4,4,4,4,2,1,1,1,1,1,0,2,2,2,3,3,1,3,3,3,0,3,2,2,1,3,2,3,2,4,4,2,1,2,1,2,3,3,3,3,3,3,3,2,1,2,1,2,3,2,3,2,2,2,2,2,1,2,2,3,2,3,2,2,3,2,3,1,1,1,2,2,2,2,2,2,2,2,2,2,2,2,2,2,2,2,2,2,4,2,1,1,4,4,1,2,3,2,3,1,1,1,4,4,2,4,2,4,4,3,3,4,4,4,4,4,4,4,4,1,4,4,4,4,2,2,2,2,1,3,1,3,1,1,3,4,3,2,2,3,2,2,1,1,2,2,2,2,3,2,2,3,1,3,4,4,2,3,1,2,2,3,2,2,2,3,3,2,4,4,2,3,3,2,3,3,1,4,2,4,1,2,2,2,3,3,3,3,3,2,2,3,3,1,1,2,2,2,2,2,2,2,0,2,2,3,2,3,4,4,0,4,4,4,4,3,4,4,2,4,4,4,4,4,2,4,4,4,4,4,4,2,2,2,2,2,20,2,20,7,20,300,3,4,4,4,4,3,2,4,4,4,4,4,3,5,7,1,2,6,5,4,7,4,7,2,5,7,1,2,7,5,7,4,3,3,5,5,2,3,5,2,5,5,3,5,5,6,3,5,5,7,7,7,5,3
Female,10,68,20,2,2,1,1,1,,4,6,,2,2,2,3,0,4,3,0,1,1,0,1,,60,2,3,4,2,1,3,2,3,0,3,0,3,3,3,1,4,2,1,3,3,4,3,3,2,1,3,2,2,3,2,3,3,3,2,2,2,2,1,2,2,2,2,2,3,3,3,2,1,2,1,3,3,4,4,4,4,4,4,0,1,2,0,2,4,1,2,2,3,2,2,2,1,3,0,3,3,1,3,4,2,2,2,1,2,0,2,2,2,3,3,3,3,1,2,0,1,3,3,4,4,4,3,2,4,3,1,3,4,2,2,2,3,1,2,0,1,4,4,4,0,3,2,3,3,0,1,4,0,4,4,4,2,2,3,4,2,2,1,3,2,1,2,2,1,1,2,3,1,3,2,0,2,3,2,0,4,4,1,2,2,3,3,3,4,1,1,3,3,0,1,3,2,4,2,2,3,3,3,1,2,3,3,0,3,3,1,2,3,0,4,1,0,0,4,4,1,3,4,3,0,0,0,2,2,1,1,2,3,0,2,3,0,4,2,2,0,1,0,1,2,1,1,0,1,0,0,1,2,2,1,4,2,2,4,2,0,0,0,1,0,0,0,0,0,1,0,2,1,4,0,5,60,0,0,7,30,120,5,5,5,2,3,5,1,5,2,3,4,1,2,4,5,3,2,6,5,6,5,1,5,2,1,5,3,3,7,3,3,6,5,3,7,4,4,4,5,5,4,3,3,4,5,5,6,3,2,4,2,4,1,2
Female,9.1,90,20,1,2,1,1,1,,1,4,,2,0,2,2,0,2,2,1,0,1,0,4,,,3,0,3,3,3,4,2,1,0,4,1,1,1,3,2,4,1,2,3,3,2,3,3,1,3,2,3,3,3,1,4,3,3,3,3,0,3,1,3,2,3,2,3,3,2,3,2,2,2,1,1,1,3,3,3,3,3,3,1,1,1,1,2,2,2,2,1,3,2,1,2,2,2,1,2,2,2,3,2,2,2,1,2,2,2,1,1,3,1,2,3,3,3,3,2,1,3,3,3,3,2,2,4,3,2,1,2,4,1,2,2,1,2,2,2,2,3,2,2,2,1,3,1,1,1,1,3,1,3,3,3,1,1,3,3,1,3,3,3,3,1,2,0,1,1,2,2,1,2,3,1,3,1,2,3,1,1,1,1,3,3,3,3,4,0,3,3,3,3,2,3,2,2,3,3,3,3,3,0,3,3,3,1,1,3,1,2,2,2,2,3,1,3,3,4,3,1,2,2,3,2,2,2,2,3,2,1,3,2,3,3,3,2,2,3,2,1,0,1,2,2,2,2,1,2,1,1,3,3,4,0,2,1,0,2,2,3,4,3,1,3,1,1,1,3,0,2,3,1,2,6,90,6,20,7,60,6,4,4,4,4,4,4,2,4,4,4,4,4,4,6,6,3,6,6,2,4,2,3,4,4,2,5,4,5,5,2,5,3,4,3,5,4,4,6,4,3,4,5,5,5,5,5,7,5,5,4,5,4,5,3
Female,7.8,70,21,1,2,2,1,2,,1,4,,2,0,2,2,0,4,3,0,4,4,0,0,16,,3,2,2,3,2,4,1,4,0,4,0,4,3,4,1,4,3,0,4,0,0,0,0,1,0,1,0,0,2,0,2,1,2,4,3,1,4,0,2,3,2,2,4,1,2,3,1,1,2,0,3,3,4,4,4,4,4,4,0,3,3,0,0,4,0,2,2,2,3,3,2,2,3,1,2,1,2,2,2,1,2,3,1,1,3,1,2,2,3,2,3,2,2,3,2,1,3,2,3,4,2,2,3,4,2,0,3,3,3,2,3,2,2,1,1,2,3,2,2,2,3,3,3,2,2,2,4,2,3,2,2,2,2,4,4,1,4,2,4,1,1,2,4,0,4,1,2,1,0,4,4,3,0,2,3,2,2,3,1,1,2,2,4,2,0,3,3,4,3,2,3,4,4,2,2,2,4,2,0,3,3,4,1,4,3,4,4,3,2,4,3,0,1,1,4,2,2,2,1,1,0,1,0,3,0,1,4,2,2,2,4,2,0,1,2,3,0,0,1,4,0,1,1,1,0,0,0,0,2,1,3,1,0,4,0,1,0,0,0,0,0,0,0,0,0,0,3,3,3,2,6,120,2,35,7,15,720,5,5,5,5,3,3,1,4,2,3,4,3,5,5,6,3,1,6,4,3,7,4,5,2,1,6,3,2,7,3,4,2,4,3,3,7,2,4,3,4,5,5,4,7,5,3,4,3,2,2,2,3,2,1
female,7,88,20,1,2,1,2,1,,4,4,,1,0,2,2,0,3,1,1,0,3,0,0,,66,2,2,4,3,2,4,2,0,0,4,2,0,1,4,1,4,0,1,3,4,4,4,4,4,4,1,4,4,4,4,4,4,4,4,4,0,4,1,4,4,3,3,4,1,2,3,2,2,2,0,4,4,4,4,4,4,4,4,0,3,0,0,0,4,0,3,0,3,2,3,0,3,0,2,3,3,0,3,2,3,3,1,3,3,3,0,3,2,3,2,3,2,2,2,3,0,3,3,2,2,3,0,3,1,3,1,3,3,1,4,4,0,4,0,4,4,4,0,0,0,2,0,3,2,0,0,3,0,3,2,3,0,0,2,3,3,1,3,2,3,0,3,1,4,0,2,3,4,2,1,0,3,0,3,3,3,1,3,0,3,3,3,3,4,1,4,4,3,1,4,1,0,2,3,3,3,3,3,0,4,3,4,0,3,1,0,1,1,3,1,3,2,3,0,3,4,0,1,2,3,3,3,3,3,3,3,0,1,2,3,4,4,2,0,3,3,0,0,3,4,0,0,3,2,0,0,1,2,1,0,0,3,0,0,1,0,0,0,0,0,0,0,0,0,3,0,2,3,1,1,0,0,2,30,6,25,300,3,2,1,4,4,2,4,2,4,4,2,4,6,6,5,4,1,6,2,1,6,4,5,5,3,2,5,2,5,2,6,6,5,1,3,4,1,6,2,5,5,5,1,5,7,2,2,2,6,6,6,6,6,2
female,7.55,90,21,2,2,2,1,3,,4,12,,1,3,2,2,0,4,4,0,2,2,0,0,,,2,3,3,3,3,3,4,4,0,4,0,3,4,4,4,4,4,4,4,2,1,2,3,4,4,3,4,1,4,3,4,4,4,1,2,0,1,2,1,0,1,1,1,1,3,3,2,2,4,0,2,4,4,4,4,4,4,4,0,4,2,1,0,4,0,1,2,3,4,4,4,4,4,2,4,2,2,4,4,4,4,4,1,4,2,4,4,4,4,4,4,4,2,3,1,0,4,4,4,4,4,4,4,4,4,4,4,4,4,2,3,2,2,2,0,2,4,4,4,2,4,1,4,4,4,3,4,4,3,4,3,3,2,4,2,4,4,2,4,4,1,4,2,4,2,4,2,4,4,4,4,2,0,4,2,2,3,0,0,3,4,4,4,1,4,4,4,4,4,4,0,4,4,4,4,4,4,4,4,4,4,4,4,4,0,4,4,3,4,4,4,1,1,2,4,2,3,4,4,1,0,1,0,0,1,1,0,4,1,4,4,2,4,2,4,1,4,0,3,4,0,2,1,1,1,1,1,2,2,0,2,1,0,3,1,1,1,0,1,3,0,0,0,0,1,0,2,3,0,1,3,180,0,0,7,180,380,4,5,5,3,3,5,3,5,2,3,5,5,3,7,4,1,6,7,2,7,7,5,7,3,5,5,3,1,7,2,7,3,7,1,5,7,1,3,7,7,5,2,6,6,6,4,5,6,2,1,1,1,1,3
Female,10.62,70,21,2,2,2,2,1,,5,4,,2,2,2,2,0,0,1,0,2,0,0,1,,,4,4,4,4,4,3,0,0,1,3,0,1,3,3,3,4,2,4,3,1,0,0,2,1,0,0,3,0,1,1,2,0,2,4,4,0,4,0,4,4,4,4,4,2,1,0,0,0,0,0,4,4,4,4,4,4,4,4,2,4,0,0,0,4,0,3,2,0,1,0,0,0,4,1,1,2,1,1,2,1,2,4,1,1,2,1,1,2,1,0,2,0,0,3,2,1,2,2,4,4,1,1,1,2,1,3,2,4,0,2,1,3,2,2,2,1,1,3,3,2,3,3,3,3,3,3,3,3,2,2,2,2,2,3,0,0,3,0,3,3,0,2,3,2,3,3,3,1,0,3,3,4,0,3,4,2,3,3,2,3,3,2,2,1,3,3,3,3,2,4,0,1,2,2,2,2,2,0,2,4,4,4,0,4,0,4,0,0,0,1,3,0,1,1,3,0,1,1,3,4,0,4,4,4,3,2,2,3,0,0,3,0,1,4,2,1,0,0,1,1,0,1,0,2,0,1,0,2,3,2,3,2,0,3,1,2,0,2,2,2,0,0,1,0,3,0,2,2,2,2,0,0,0,0,2,40,1380,4,4,3,1,2,4,4,1,2,3,2,1,5,3,7,2,7,6,5,1,2,3,7,2,7,7,5,5,5,3,4,1,7,7,3,2,6,4,5,2,4,3,4,3,5,1,4,3,7,7,6,5,2,3
female,10.62,65,21,,,,,,,,,,,,,,,,,,,,,,,,,,,,,,,,,,,,,,,,,,,,,,,,,,,,,,,,,,,,,,,,,,,,,,,,,,,,,,,,,,,,,,,,,,,,,,,,,,,,,,,,,,,,,,,,,,,,,,,,,,,,,,,,,,,,,,,,,,,,,,,,,,,,,,,,,,,,,,,,,,,,,,,,,,,,,,,,,,,,,,,,,,,,,,,,,,,,,,,,,,,,,,,,,,,,,,,,,,,,,,,,,,,,,,,,,,,,,,,,,,,,,,,,,,,,,,,,,,,,,,,,,,,,,,,,,,,,,,,,,,,,,,,,,,,,,,,,,,,,,,,,,,,,,,,,,,,,,,,,,,,,,,,,,,,,,,
female,7.5,62,21,1,1,1,2,2,,4,6,,1,1,1,2,0,2,1,0,0,0,0,0,7,,2,2,3,1,2,3,1,1,0,2,3,0,1,4,1,4,0,1,3,1,0,0,1,0,1,0,1,0,2,0,1,2,3,,,,,,,,,,,,,,,,,,,,,,,,,,,,,,,,,,,,,,,,,,,,,,,,,,,,,,,,,,,,,,,,,,,,,,,,,,,,,,,,,,,,,,,,,,,,,,,,,,,,,,,,,,,,,,,,,,,,,,,,,,,,,,,,,,,,,,,,,,,,,,,,,,,,,,,,,,,,,,,,,,,,,,,,,,,,,,,,,,,,,,,,,,,,,,,,,,,,,,,,,,,,,,,,,,,,,,,,,,,,,,,,,,,,,,,,,,,,,,,,,,,,,,,,,,,,,,,,,,,,,,,,,,,,,,,,,,,,,,1
female,6.92,75,20,2,2,2,1,1,,2,3,,1,0,1,1,0,0,3,0,3,3,0,0,,51,3,2,3,3,3,2,3,3,3,3,2,2,0,1,4,4,3,4,2,2,0,2,2,1,0,0,2,1,2,1,1,3,2,2,3,2,2,2,1,3,2,2,3,2,2,3,2,2,2,1,2,3,3,3,4,3,3,3,1,2,1,2,1,3,1,3,2,2,2,3,3,2,3,1,3,4,1,3,3,1,2,3,0,0,0,2,1,3,3,4,2,2,2,1,2,1,1,3,4,4,4,2,3,4,2,1,2,4,4,2,3,3,2,2,1,1,4,3,3,1,2,0,2,2,3,3,3,1,4,3,4,1,1,2,2,3,3,3,3,3,0,3,3,3,2,3,3,3,3,3,2,2,0,1,1,4,2,3,1,2,3,3,2,3,0,4,4,3,2,4,2,1,3,2,3,1,2,4,0,1,4,3,1,4,2,1,3,2,2,3,2,1,1,2,3,2,3,2,2,1,1,2,2,1,2,2,2,3,1,1,4,2,3,2,4,3,1,0,2,4,1,1,1,2,1,0,2,2,3,2,2,1,0,3,0,0,0,0,1,1,0,0,0,2,0,1,3,3,4,3,0,0,0,0,7,65,400,4,5,5,3,4,4,4,5,3,2,5,2,5,6,6,2,2,6,5,5,5,4,7,3,3,6,6,3,6,6,7,7,4,6,7,7,2,6,7,7,6,5,5,5,5,2,5,5,4,3,4,4,3,2
